date,^GSPC
2018-01-02,8.719145161486917
2018-01-03,11.807763565392003
2018-01-04,18.84759033073943
2018-01-05,19.736353705369154
2018-01-08,19.76517692767841
2018-01-09,23.535931836756443
2018-01-10,24.334643934329428
2018-01-11,24.772681855164876
2018-01-12,24.63143204163086
2018-01-16,25.19754837826449
2018-01-17,25.354294735212225
2018-01-18,25.359821883934785
2018-01-19,25.32748082180843
2018-01-22,25.110596392313443
2018-01-23,25.08732261801044
2018-01-24,25.868966798573247
2018-01-25,26.26659150911991
2018-01-26,26.13815402383604
2018-01-29,26.279362018153517
2018-01-30,26.393747406746765
2018-01-31,26.50634510900296
2018-02-01,26.899722517981843
2018-02-02,25.954283886497652
2018-02-05,21.18819148662469
2018-02-06,20.42651558475432
2018-02-07,21.076148974973986
2018-02-08,15.321135636983602
2018-02-09,15.121460342573892
2018-02-12,14.804235534206587
2018-02-13,14.823067429668246
2018-02-14,14.187787733401185
2018-02-15,14.525072117757908
2018-02-16,14.536790714143995
2018-02-20,14.40820442471184
2018-02-21,16.817464761085557
2018-02-22,18.182391952637428
2018-02-23,19.854715039318727
2018-02-26,19.96756483169777
2018-02-27,19.64495181136148
2018-02-28,20.14012191867888
2018-03-01,21.06535395834265
2018-03-02,21.523447122715773
2018-03-05,21.562399678005793
2018-03-06,21.70907295247305
2018-03-07,22.89170565546853
2018-03-08,22.853970022202226
2018-03-09,22.786151176375636
2018-03-12,22.810588535832046
2018-03-13,23.054595876359052
2018-03-14,23.01396277761666
2018-03-15,23.258938831972998
2018-03-16,23.601813879665514
2018-03-19,23.08693791464827
2018-03-20,23.161080875497845
2018-03-21,23.32992082244265
2018-03-22,21.524331357269396
2018-03-23,20.695448470432147
2018-03-26,18.434584347270505
2018-03-27,17.689414778397726
2018-03-28,17.632433642766035
2018-03-29,17.304441814347015
2018-04-02,15.210114776281673
2018-04-03,14.913040534540517
2018-04-04,14.372730610198808
2018-04-05,14.875894695679637
2018-04-06,12.525680902522904
2018-04-09,12.511630994279688
2018-04-10,11.624624152935093
2018-04-11,11.754648091504503
2018-04-12,11.494900103851664
2018-04-13,11.402717271742603
2018-04-16,11.45943529604203
2018-04-17,10.951712522812688
2018-04-18,10.956648925456038
2018-04-19,10.795951747340014
2018-04-20,10.54465856453824
2018-04-23,10.642545276785338
2018-04-24,9.274790964689167
2018-04-25,9.366380066856305
2018-04-26,8.883415939745696
2018-04-27,9.895404680579032
2018-04-30,10.246491884882024
2018-05-01,10.623076201507354
2018-05-02,10.719587840466763
2018-05-03,10.655482480036387
2018-05-04,9.93002850326863
2018-05-07,10.207642912151737
2018-05-08,10.219953963621844
2018-05-09,9.825999849482494
2018-05-10,9.394893879679707
2018-05-11,9.395231026390437
2018-05-14,9.55736265231934
2018-05-15,9.154100462918704
2018-05-16,9.125687752322085
2018-05-17,9.168658282937594
2018-05-18,9.249442436945339
2018-05-21,8.9517283966999
2018-05-22,9.18786353447007
2018-05-23,9.14710983424894
2018-05-24,10.36801750238925
2018-05-25,10.367986126054118
2018-05-29,9.989044980992588
2018-05-30,9.194468853764665
2018-05-31,8.860816993355899
2018-06-01,8.069353417210207
2018-06-04,8.052045105437031
2018-06-05,8.651609388164573
2018-06-06,8.640781832436184
2018-06-07,9.181307824966279
2018-06-08,9.195784681652555
2018-06-11,9.535473956300399
2018-06-12,10.002641554412346
2018-06-13,9.886382885892298
2018-06-14,9.87011738023188
2018-06-15,9.938803922210116
2018-06-18,9.906335729771662
2018-06-19,9.902098754848852
2018-06-20,9.911319517356738
2018-06-21,9.58800546587825
2018-06-22,9.674208995752172
2018-06-25,8.383031979140783
2018-06-26,8.577746684057567
2018-06-27,8.281830556829801
2018-06-28,8.563608462046503
2018-06-29,8.637651994196181
2018-07-02,8.672081928341102
2018-07-03,8.417657167950221
2018-07-05,8.132370717487005
2018-07-06,7.795453600638615
2018-07-09,7.3584254062291174
2018-07-10,7.330436679889772
2018-07-11,6.773336657000946
2018-07-12,6.827165800182218
2018-07-13,7.006965671844409
2018-07-16,7.2866887756434355
2018-07-17,7.726249573836934
2018-07-18,8.15694482319853
2018-07-19,8.05318439387473
2018-07-20,8.047325203824355
2018-07-23,8.050985697249883
2018-07-24,7.939546260374685
2018-07-25,7.364873428430488
2018-07-26,7.547068779113824
2018-07-27,7.443980056715244
2018-07-30,7.002189897558413
2018-07-31,7.055689148004145
2018-08-01,7.311142908995813
2018-08-02,7.213674397855659
2018-08-03,7.169231038883438
2018-08-06,7.2161377296755855
2018-08-07,7.317144194593503
2018-08-08,7.368028192653993
2018-08-09,7.363160708017527
2018-08-10,6.911451054240065
2018-08-13,6.681175584439138
2018-08-14,6.582318876618213
2018-08-15,5.788101549016799
2018-08-16,5.779020268686256
2018-08-17,5.931908643044232
2018-08-20,5.90770017196516
2018-08-21,6.37443365709085
2018-08-22,6.373555940911263
2018-08-23,6.505253333956455
2018-08-24,6.271024592300672
2018-08-27,5.87126492158533
2018-08-28,5.940521726973115
2018-08-29,5.6044828213957905
2018-08-30,5.495572652298685
2018-08-31,5.501683941434587
2018-09-04,5.453400267086893
2018-09-05,6.139294633836606
2018-09-06,6.321084017889733
2018-09-07,6.267396142377925
2018-09-10,6.260292569617129
2018-09-11,13.051850397423651
2018-09-12,14.59304388054014
2018-09-13,15.496042248016002
2018-09-14,15.514880164623909
2018-09-17,17.52201517228837
2018-09-18,17.359862002362085
2018-09-19,17.884791242248248
2018-09-20,17.521052439816337
2018-09-21,17.507459412159687
2018-09-24,17.53002528189459
2018-09-25,20.068422263496934
2018-09-26,21.58166105917118
2018-09-27,21.988471553982787
2018-09-28,21.942129065885453
2018-10-01,22.878714715300283
2018-10-02,23.42941275766495
2018-10-03,23.89619804185635
2018-10-04,23.85481962091725
2018-10-05,24.017665510043688
2018-10-08,24.200017542651555
2018-10-09,25.498482282832974
2018-10-10,22.653798909531275
2018-10-11,21.625459103468938
2018-10-12,22.211174018758562
2018-10-15,22.132985668730925
2018-10-16,20.77322824884293
2018-10-17,21.210941362054577
2018-10-18,20.690408889758775
2018-10-19,21.438795498317408
2018-10-22,22.217966293135795
2018-10-23,22.24531707759779
2018-10-24,19.565043910361226
2018-10-25,19.220696448978074
2018-10-26,18.239179222963447
2018-10-29,19.59533073786596
2018-10-30,18.982826056866266
2018-10-31,18.831368850202995
2018-11-01,18.856339114178542
2018-11-02,22.100171329965672
2018-11-05,21.99439777794654
2018-11-06,23.196548677538466
2018-11-07,21.685805560974952
2018-11-08,21.705750428962617
2018-11-09,21.765945276246264
2018-11-12,20.805196670372027
2018-11-13,21.713244675476833
2018-11-14,22.611011658682173
2018-11-15,22.11716615939278
2018-11-16,22.408448515736477
2018-11-19,22.347662999340976
2018-11-20,22.56207205896679
2018-11-21,23.76637960121773
2018-11-23,30.255508245521124
2018-11-26,29.816002994163355
2018-11-27,29.729917134967152
2018-11-28,28.524373871126475
2018-11-29,28.581662661211922
2018-11-30,29.09504962341924
2018-12-03,31.702119088432845
2018-12-04,30.195370081814666
2018-12-06,30.498053040714712
2018-12-07,29.543363768379027
2018-12-10,29.58958386078291
2018-12-11,29.590023224761385
2018-12-12,29.541867991999325
2018-12-13,29.82868016806558
2018-12-14,29.06460340801955
2018-12-17,28.09658862257949
2018-12-18,28.365284820656655
2018-12-19,28.269134078880327
2018-12-20,27.482693061309405
2018-12-21,26.080552489672876
2018-12-24,23.40394820885477
2018-12-26,18.053666819209454
2018-12-27,18.01957339198378
2018-12-28,18.46735022648672
2018-12-31,18.47083067488938
2019-01-02,18.477168641617528
2019-01-03,15.268062534676515
2019-01-04,11.162793509233069
2019-01-07,11.278836825865026
2019-01-08,11.840430255508794
2019-01-09,11.837183859414349
2019-01-10,11.817479382064883
2019-01-11,12.356434515735485
2019-01-14,12.01598262669029
2019-01-15,11.836003986076236
2019-01-16,12.188407207507309
2019-01-17,12.071452505119531
2019-01-18,11.443416746602093
2019-01-22,10.041819080829208
2019-01-23,10.130531484848989
2019-01-24,10.133022589810798
2019-01-25,9.97577976833441
2019-01-28,9.340591044254577
2019-01-29,9.427435608348459
2019-01-30,8.35833822113657
2019-01-31,8.263448414534427
2019-02-01,8.313011876543989
2019-02-04,8.516097006220338
2019-02-05,8.930535925648599
2019-02-06,8.92741731002607
2019-02-07,9.519644618047133
2019-02-08,9.532211920022343
2019-02-11,9.712974323778843
2019-02-12,8.868942803817683
2019-02-13,8.947841062225452
2019-02-14,8.874553902471794
2019-02-15,8.209632569128994
2019-02-19,8.317238048814492
2019-02-20,9.014099251734864
2019-02-21,11.363247501583011
2019-02-22,11.160489667613367
2019-02-25,11.422095460494477
2019-02-26,11.54969828555511
2019-02-27,11.604771397048433
2019-02-28,11.740955020169332
2019-03-01,12.143080016366941
2019-03-04,12.017008370900614
2019-03-05,11.988666773988328
2019-03-06,11.634736676811938
2019-03-07,11.083016537051817
2019-03-08,10.9722586858253
2019-03-11,10.450440306344436
2019-03-12,10.46053095579373
2019-03-13,10.291217844225315
2019-03-14,10.417205679665052
2019-03-15,10.372638197489577
2019-03-18,10.34165736457233
2019-03-19,10.403753391492454
2019-03-20,10.29790998604282
2019-03-21,9.707350896106187
2019-03-22,6.847123854150539
2019-03-25,6.93859000880369
2019-03-26,6.740472997053189
2019-03-27,6.382446679177684
2019-03-28,6.374672730751345
2019-03-29,6.159483037872298
2019-04-01,5.920131204965535
2019-04-02,6.007688215849486
2019-04-03,6.72451911029557
2019-04-04,6.992849174004162
2019-04-05,9.114794655716905
2019-04-08,9.117488793026713
2019-04-09,8.931245601504216
2019-04-10,8.943882339401819
2019-04-11,12.283603691330876
2019-04-12,12.405182773691774
2019-04-15,12.642325747392514
2019-04-16,13.082829348695368
2019-04-17,13.202000533620648
2019-04-18,13.338510490368192
2019-04-22,13.729104468235295
2019-04-23,13.297107306512851
2019-04-24,13.805431732347568
2019-04-25,13.839808720806564
2019-04-26,13.827781541617417
2019-04-29,13.861380239828383
2019-04-30,13.904605306608877
2019-05-01,14.298465525469673
2019-05-02,14.295921309533256
2019-05-03,16.036044810479712
2019-05-06,16.416225078552635
2019-05-07,15.692614863549807
2019-05-08,16.150873858983143
2019-05-09,16.194496962080567
2019-05-10,16.146573182669755
2019-05-13,13.514744616481947
2019-05-14,13.332240780465481
2019-05-15,13.238479768207645
2019-05-16,12.89580758751033
2019-05-17,13.094188785494232
2019-05-20,12.801125578290076
2019-05-21,12.872328425293617
2019-05-22,12.817684793362874
2019-05-23,11.914220096029414
2019-05-24,12.572175126530668
2019-05-28,12.095051132807125
2019-05-29,11.676506013639045
2019-05-30,11.733931581906003
2019-05-31,10.333582868081606
2019-06-03,10.080853418523722
2019-06-04,8.014905190826509
2019-06-05,7.978304980976423
2019-06-06,8.283178919515025
2019-06-07,7.71909159993874
2019-06-10,7.712175202175773
2019-06-11,7.676870147531492
2019-06-12,7.59773740909941
2019-06-13,7.593778914309857
2019-06-14,7.725210921419377
2019-06-17,8.259131411195975
2019-06-18,7.757424224229383
2019-06-19,8.14073380260055
2019-06-20,7.560607369962264
2019-06-21,7.8377611070279825
2019-06-24,7.882935500202779
2019-06-25,7.265937617647176
2019-06-26,7.481868683004548
2019-06-27,7.533729540965406
2019-06-28,7.500382847851463
2019-07-01,8.201672796919377
2019-07-02,8.740856554336935
2019-07-03,8.558895152232003
2019-07-05,13.259119155276494
2019-07-08,14.236476375361562
2019-07-09,14.22590900979733
2019-07-10,15.738053993617429
2019-07-11,15.81519731423786
2019-07-12,16.107756247607178
2019-07-15,17.160217620000402
2019-07-16,19.770334861952275
2019-07-17,19.793507483351014
2019-07-18,20.52754934076459
2019-07-19,20.99305982764704
2019-07-22,21.086553061269438
2019-07-23,21.159897022750297
2019-07-24,21.05126387932553
2019-07-25,22.712962351885043
2019-07-26,22.941190676719987
2019-07-29,22.94115201038098
2019-07-30,23.150724976307128
2019-07-31,23.442678738378312
2019-08-01,23.258305926412643
2019-08-02,23.244305764810047
2019-08-05,20.834033314148094
2019-08-06,20.833543165207015
2019-08-07,20.83293761742239
2019-08-08,19.89037179536333
2019-08-09,19.71439209262523
2019-08-12,19.20138243806965
2019-08-13,18.608804643799235
2019-08-14,14.83817134518618
2019-08-15,14.976579776728514
2019-08-16,14.342629290584222
2019-08-19,13.864783744109275
2019-08-20,13.46168646502097
2019-08-21,13.430771995760745
2019-08-22,13.425395011337885
2019-08-23,9.760743224660551
2019-08-26,9.338669579968299
2019-08-27,9.290686067818367
2019-08-28,9.432347648849666
2019-08-29,8.607337582253995
2019-08-30,9.743979226315805
2019-09-03,11.397853821920505
2019-09-04,11.087583232156149
2019-09-05,11.27459222926622
2019-09-06,11.351262068720727
2019-09-09,12.48435195386119
2019-09-10,12.991844291146798
2019-09-11,12.930641171043188
2019-09-12,13.517434669508175
2019-09-13,13.519998607138358
2019-09-16,13.966153614604353
2019-09-17,13.948221092820281
2019-09-18,13.986316470761754
2019-09-19,14.047353670746968
2019-09-20,14.154244407809196
2019-09-23,14.215594524492007
2019-09-24,13.897647064266176
2019-09-25,13.76209268961214
2019-09-26,13.77741663291346
2019-09-27,13.691953393208845
2019-09-30,13.637375350776646
2019-10-01,12.764846848711509
2019-10-02,10.732947040207018
2019-10-03,10.85670223527424
2019-10-04,10.018415374362649
2019-10-07,9.812379256999185
2019-10-08,7.406666041414248
2019-10-09,7.063013210601139
2019-10-10,6.929088285321942
2019-10-11,6.365210571079524
2019-10-14,6.258072744382861
2019-10-15,5.561828879439794
2019-10-16,5.419290926454668
2019-10-17,5.796585935954724
2019-10-18,5.42606870596546
2019-10-21,5.217002955192478
2019-10-22,5.241620453694112
2019-10-23,5.349061182614929
2019-10-24,5.352024435927869
2019-10-25,5.674674750935871
2019-10-28,5.504296060613568
2019-10-29,5.50307199248402
2019-10-30,5.827745034337815
2019-10-31,6.644263950458666
2019-11-01,6.429720185371979
2019-11-04,6.6571727207673765
2019-11-05,6.634864544585632
2019-11-06,7.2501803339796975
2019-11-07,7.365875627225216
2019-11-08,7.363402002599205
2019-11-11,7.342588368196007
2019-11-12,7.812308765120441
2019-11-13,7.8201358031408565
2019-11-14,8.08827081124013
2019-11-15,7.769190370405749
2019-11-18,7.78479373420846
2019-11-19,7.847028744718175
2019-11-20,7.7196179132886105
2019-11-21,7.634611083486003
2019-11-22,7.664587192195016
2019-11-25,7.481570459454957
2019-11-26,7.496941048057337
2019-11-27,7.83494291523618
2019-11-29,7.640501649027002
2019-12-02,7.084509229855519
2019-12-03,7.1522757358685505
2019-12-04,7.011522584186182
2019-12-05,7.206267808748771
2019-12-06,6.805760070949127
2019-12-09,6.788423016824918
2019-12-10,6.917917763690314
2019-12-11,7.125235722160432
2019-12-12,6.8384488438850894
2019-12-13,6.813127979888348
2019-12-16,6.9442985361993035
2019-12-17,6.955561040931836
2019-12-18,7.094846531220433
2019-12-19,7.052468325137486
2019-12-20,6.955012606180978
2019-12-23,7.866687682537123
2019-12-24,9.808431466476971
2019-12-26,10.24726661525603
2019-12-27,10.25752487371102
2019-12-30,10.031925315727316
2019-12-31,11.914325772984666
2020-01-02,11.82088005898999
2020-01-03,12.613401516727032
2020-01-06,13.083705446041053
2020-01-07,13.014546936518201
2020-01-08,13.172082023454076
2020-01-09,13.209452303731997
2020-01-10,13.130873109583446
2020-01-13,13.104509189860048
2020-01-14,13.107718534445405
2020-01-15,13.107576078407144
2020-01-16,12.925169297158087
2020-01-17,12.95374204665353
2020-01-21,12.999227936187744
2020-01-22,13.579074674188558
2020-01-23,18.0339726088029
2020-01-24,20.572496345787506
2020-01-27,20.000667009004516
2020-01-28,24.4891995281402
2020-01-29,24.483892193854228
2020-01-30,29.908821250213414
2020-01-31,30.794621170487872
2020-02-03,34.34017238430276
2020-02-04,35.56333130272983
2020-02-05,35.3823649363077
2020-02-06,43.39113024079618
2020-02-07,47.767738633319254
2020-02-10,49.72495838398522
2020-02-11,58.5112257671212
2020-02-12,68.34197199678844
2020-02-13,79.34042230178588
2020-02-14,83.28843167302871
2020-02-18,84.27670644360794
2020-02-19,84.27676933868857
2020-02-20,84.69389429800559
2020-02-21,84.73840147124267
2020-02-24,92.46498617424133
2020-02-25,92.60917087703659
2020-02-26,95.87656610282434
2020-02-27,95.41852799049121
2020-02-28,96.443624733937
2020-03-02,94.71139811508573
2020-03-03,95.32739559727217
2020-03-04,94.28746873980829
2020-03-05,93.8968720193067
2020-03-06,97.55517434471837
2020-03-09,93.7905364541902
2020-03-10,92.94120930528173
2020-03-11,91.42885034097552
2020-03-12,83.94269248050873
2020-03-13,78.87837045616179
2020-03-16,64.05507233205961
2020-03-17,61.32288832290277
2020-03-18,57.935421559316346
2020-03-19,58.660897030888634
2020-03-20,57.356140566319844
2020-03-23,55.84524041319084
2020-03-24,47.948311267848496
2020-03-25,47.986735169831164
2020-03-26,43.93361119758637
2020-03-27,41.823593009409564
2020-03-30,41.33243742173531
2020-03-31,40.94808718852772
2020-04-01,38.68344180727526
2020-04-02,38.24133037559331
2020-04-03,37.4898068950434
2020-04-06,30.39143366415285
2020-04-07,30.467781002905443
2020-04-08,28.925158918680495
2020-04-09,28.63935636015095
2020-04-13,29.441913220438522
2020-04-14,28.285414785159745
2020-04-15,27.403956333818435
2020-04-16,27.371626561021856
2020-04-17,27.945521068276346
2020-04-20,27.406950667204843
2020-04-21,25.09381224564427
2020-04-22,24.437121362623486
2020-04-23,24.412728950799572
2020-04-24,24.325889809243158
2020-04-27,24.332897063668362
2020-04-28,24.23009463185504
2020-04-29,22.694397714824
2020-04-30,22.350183583775216
2020-05-01,19.40947211753651
2020-05-04,19.688383861881043
2020-05-05,19.79642495517341
2020-05-06,20.76984580315745
2020-05-07,20.78992530627845
2020-05-08,20.855579432013645
2020-05-11,21.07788079485899
2020-05-12,29.773977142250523
2020-05-13,29.094332807571533
2020-05-14,29.00677038987426
2020-05-15,29.49038996871169
2020-05-18,27.913598189518048
2020-05-19,27.52168580663245
2020-05-20,27.223907763297
2020-05-21,27.025972812887026
2020-05-22,27.031590039704213
2020-05-26,28.56843843480179
2020-05-27,28.366006419612543
2020-05-28,29.68212956441067
2020-05-29,30.085467259674314
2020-06-01,30.52259364513819
2020-06-02,30.44430133475604
2020-06-03,30.116800152365748
2020-06-04,30.56386774785338
2020-06-05,29.428661549391254
2020-06-08,29.236642868164882
2020-06-09,29.181716362734544
2020-06-10,29.384423495377664
2020-06-11,19.86727551442417
2020-06-12,19.89055418169538
2020-06-15,19.920777321215812
2020-06-16,19.09007149658926
2020-06-17,19.009030943688813
2020-06-18,19.14393748877815
2020-06-19,18.9393334908987
2020-06-22,18.92088358683484
2020-06-23,19.577418282600046
2020-06-24,17.07084243968138
2020-06-25,16.895147177288283
2020-06-26,14.225617303192632
2020-06-29,14.020668386737833
2020-06-30,13.475303448523107
2020-07-01,13.575146170874705
2020-07-02,13.659290806594571
2020-07-06,12.787422703522083
2020-07-07,11.995073180459519
2020-07-08,11.929927444595071
2020-07-09,11.573564468486662
2020-07-10,11.248262606157835
2020-07-13,11.069066527730676
2020-07-14,11.141559610823226
2020-07-15,11.001188902195318
2020-07-16,10.852161778464357
2020-07-17,10.85135084504739
2020-07-20,10.622408529597905
2020-07-21,10.851278367808334
2020-07-22,10.766707698917724
2020-07-23,9.50247231147814
2020-07-24,9.32612420046421
2020-07-27,9.19877524680877
2020-07-28,8.854481271821852
2020-07-29,8.295381511032192
2020-07-30,7.976412764626703
2020-07-31,8.090149993595489
2020-08-03,8.111889513469732
2020-08-04,9.118168032678135
2020-08-05,16.393039043674886
2020-08-06,16.65089332100033
2020-08-07,19.493581627979733
2020-08-10,20.702697062289293
2020-08-11,21.46988983710426
2020-08-12,20.876821095248605
2020-08-13,21.360750424907504
2020-08-14,21.431890542561234
2020-08-17,21.482964461532834
2020-08-18,21.662948831369384
2020-08-19,21.947352379770376
2020-08-20,22.209249683531436
2020-08-21,22.536730494972108
2020-08-24,23.475209773095745
2020-08-25,23.45540403267666
2020-08-26,23.930846961119578
2020-08-27,24.74725587087122
2020-08-28,24.566308835197436
2020-08-31,24.840734220263972
2020-09-01,24.746661699641365
2020-09-02,24.050978372087986
2020-09-03,21.982898663999872
2020-09-04,22.329964492690035
2020-09-08,20.84462236790669
2020-09-09,19.881245631423305
2020-09-10,18.88396679476912
2020-09-11,19.51498046104074
2020-09-14,19.399193521952192
2020-09-15,19.568642581823838
2020-09-16,19.481354529557652
2020-09-17,19.16132851322795
2020-09-18,19.685971947390392
2020-09-21,19.115846444383536
2020-09-22,18.936570122634784
2020-09-23,16.486503501937435
2020-09-24,16.48691055547171
2020-09-25,17.447909335178224
2020-09-28,16.67980567394051
2020-09-29,20.890846082407503
2020-09-30,21.12965939021711
2020-10-01,21.367194592277905
2020-10-02,21.67144209750088
2020-10-05,21.653329069163288
2020-10-06,22.385803310650182
2020-10-07,22.579491419066226
2020-10-08,22.45037376225387
2020-10-09,22.599517934232384
2020-10-12,21.911969532876462
2020-10-13,21.925091818454725
2020-10-14,22.10080146112405
2020-10-15,22.524078561118277
2020-10-16,22.79226196109522
2020-10-19,21.949687549110546
2020-10-20,22.46359198939294
2020-10-21,22.430193181696804
2020-10-22,22.598712206904555
2020-10-23,22.63593463257396
2020-10-26,21.905181001001043
2020-10-27,21.859294699041257
2020-10-28,16.607285209578635
2020-10-29,16.736866205284702
2020-10-30,15.767956703063952
2020-11-02,15.61119750743182
2020-11-03,15.003113217957178
2020-11-04,13.67922511145833
2020-11-05,12.502856791688208
2020-11-06,12.46485591056241
2020-11-09,12.515188744681904
2020-11-10,12.511767101126987
2020-11-11,12.3521598797052
2020-11-12,11.84954124573955
2020-11-13,11.764411289240636
2020-11-16,11.174146763285755
2020-11-17,11.084929626239951
2020-11-18,10.197715660468756
2020-11-19,10.35697958691061
2020-11-20,10.002695976586292
2020-11-23,9.904370717959399
2020-11-24,8.425192431158282
2020-11-25,8.79006683849627
2020-11-27,8.86759480894346
2020-11-30,8.617224613685377
2020-12-01,8.075084313437547
2020-12-02,9.799225387745818
2020-12-03,10.05515593599648
2020-12-04,9.797297693524921
2020-12-07,10.889464206576802
2020-12-08,10.971588952447556
2020-12-09,10.827702038830276
2020-12-10,10.78620226049958
2020-12-11,10.733249258127499
2020-12-14,10.690715021065653
2020-12-15,10.355966579712888
2020-12-16,10.648222544197992
2020-12-17,11.420937638554761
2020-12-18,11.279702203966256
2020-12-21,11.226412242391076
2020-12-22,11.148270624328822
2020-12-23,11.209796746185818
2020-12-24,14.80296853691171
2020-12-28,14.877766809354176
2020-12-29,16.422893456516306
2020-12-30,17.3425036000187
2020-12-31,17.839890681475925
2021-01-04,16.896978409421845
2021-01-05,17.096428403902284
2021-01-06,17.056254526315833
2021-01-07,16.531199878709174
2021-01-08,16.4829610131555
2021-01-11,16.25876998375085
2021-01-12,16.255357356530382
2021-01-13,16.293071203047617
2021-01-14,16.19956755962961
2021-01-15,15.895206276916246
2021-01-19,15.883308463352833
2021-01-20,15.255260533897866
2021-01-21,15.533282735539897
2021-01-22,15.489218436519469
2021-01-25,15.906679975489515
2021-01-26,18.218483318314156
2021-01-27,15.752579370790517
2021-01-28,17.38173348937103
2021-01-29,16.051808730860746
2021-02-01,16.024738741588955
2021-02-02,15.976926900760763
2021-02-03,17.419645816040386
2021-02-04,17.071221709884064
2021-02-05,17.759220273072458
2021-02-08,17.692867032679292
2021-02-09,18.059906343928336
2021-02-10,18.05954024349181
2021-02-11,18.17813771569237
2021-02-12,18.13117678028466
2021-02-16,18.14875520562756
2021-02-17,18.915368774039635
2021-02-18,18.853832641956938
2021-02-19,18.99369865207971
2021-02-22,18.988158245376386
2021-02-23,19.093786353480873
2021-02-24,18.75862019249952
2021-02-25,17.336763539369223
2021-02-26,17.2038391005813
2021-03-01,15.377476622496719
2021-03-02,15.06526402825309
2021-03-03,14.527091446308896
2021-03-04,13.86441328043925
2021-03-05,12.732084182099884
2021-03-08,12.395239235707201
2021-03-09,11.753241320464724
2021-03-10,11.827876106804668
2021-03-11,11.532948810851193
2021-03-12,11.52972665178464
2021-03-15,11.632825222983815
2021-03-16,11.982307137691949
2021-03-17,11.98833556659555
2021-03-18,10.627285257016968
2021-03-19,11.095651546823657
2021-03-22,11.234853408756585
2021-03-23,11.432388914864761
2021-03-24,11.368501451419869
2021-03-25,11.362797820486321
2021-03-26,10.341289443581433
2021-03-29,10.340375654350673
2021-03-30,10.228166287546527
2021-03-31,10.811414990501317
2021-04-01,10.269411845133414
2021-04-05,9.653749930099051
2021-04-06,9.627934125030272
2021-04-07,9.933497651994044
2021-04-08,10.103216182975771
2021-04-09,10.65838715713358
2021-04-12,11.14402476915496
2021-04-13,13.418934187126577
2021-04-14,14.090704945888366
2021-04-15,14.521927475420904
2021-04-16,14.487738346393474
2021-04-19,14.672345355595448
2021-04-20,14.519294572206762
2021-04-21,14.626987163764177
2021-04-22,14.253281854059871
2021-04-23,14.162646062741604
2021-04-26,14.172110106868773
2021-04-27,14.186494283071372
2021-04-28,14.186604644196645
2021-04-29,13.989240132656452
2021-04-30,13.748801155105363
2021-05-03,13.726305693811877
2021-05-04,13.573041425509311
2021-05-05,13.887555821850814
2021-05-06,13.628017894601962
2021-05-07,13.383821615996746
2021-05-10,12.859278716401654
2021-05-11,12.500270317911951
2021-05-12,9.394720838760238
2021-05-13,8.664431071676944
2021-05-14,7.289759875761602
2021-05-17,7.520534025095743
2021-05-18,6.75015178633054
2021-05-19,8.282741151401474
2021-05-20,8.860344432400138
2021-05-21,8.966787668156448
2021-05-24,8.390991944506892
2021-05-25,8.525446868453294
2021-05-26,8.561433640907335
2021-05-27,8.574249860378536
2021-05-28,8.57765525737586
2021-06-01,8.561362323774343
2021-06-02,8.680555697864222
2021-06-03,8.745624868837362
2021-06-04,8.44983193720287
2021-06-07,8.444679365502639
2021-06-08,9.13178449027414
2021-06-09,9.714471890374304
2021-06-10,9.677032152854162
2021-06-11,9.836976497630559
2021-06-14,9.835659226726545
2021-06-15,9.898517654801967
2021-06-16,10.108001185283195
2021-06-17,11.724197463379223
2021-06-18,11.673820718744562
2021-06-21,11.078460459580075
2021-06-22,11.002441487294176
2021-06-23,11.367710141832655
2021-06-24,11.280405767632113
2021-06-25,11.477867854501342
2021-06-28,11.483413996194235
2021-06-29,11.523697704230909
2021-06-30,11.763105771399456
2021-07-01,11.704141521866271
2021-07-02,11.75713074457503
2021-07-06,11.869983364080039
2021-07-07,11.980307631159974
2021-07-08,11.4866138664893
2021-07-09,10.916699961967959
2021-07-12,10.871373295399955
2021-07-13,10.770757522973783
2021-07-14,10.832811968676317
2021-07-15,10.725735288297686
2021-07-16,10.250709310854647
2021-07-19,8.659034890451
2021-07-20,8.406088607585845
2021-07-21,7.972392422138025
2021-07-22,8.385887413558867
2021-07-23,8.177447097385262
2021-07-26,8.160628413192395
2021-07-27,7.9321863763022
2021-07-28,8.274578596272777
2021-07-29,8.65762478110992
2021-07-30,8.405678528931988
2021-08-02,8.383158423597076
2021-08-03,8.023567318601533
2021-08-04,7.766258814118059
2021-08-05,7.606023819501279
2021-08-06,7.761866033969694
2021-08-09,7.774218443856233
2021-08-10,8.002516672965006
2021-08-11,8.502405148780573
2021-08-12,8.41697743936748
2021-08-13,8.633434857658964
2021-08-16,9.101244242472776
2021-08-17,8.752811731281493
2021-08-18,8.504200839091226
2021-08-19,10.424637220541012
2021-08-20,9.940817616801754
2021-08-23,10.063956693938652
2021-08-24,11.002727438753972
2021-08-25,10.98315281670689
2021-08-26,10.843493464456056
2021-08-27,12.407161049333013
2021-08-30,12.276692745307813
2021-08-31,12.768523548220456
2021-09-01,13.609982861602424
2021-09-02,14.037160654043944
2021-09-03,14.733604272528861
2021-09-07,14.874135815272032
2021-09-08,15.268477632578634
2021-09-09,15.221406166773363
2021-09-10,15.176695159677797
2021-09-13,15.134140297115717
2021-09-14,15.11171507787564
2021-09-15,16.026875498878777
2021-09-16,16.249904069430393
2021-09-17,15.939688535136543
2021-09-20,14.725676158525117
2021-09-21,14.709557654510895
2021-09-22,14.461030780684538
2021-09-23,13.97615012357129
2021-09-24,14.035250154493209
2021-09-27,13.96230853447824
2021-09-28,11.745738236490116
2021-09-29,12.037254247906043
2021-09-30,10.829370461523553
2021-10-01,10.4115893857258
2021-10-04,8.682892794425998
2021-10-05,8.38375335743183
2021-10-06,8.384702388936573
2021-10-07,8.193725965754352
2021-10-08,8.032696372866962
2021-10-11,7.56632359876541
2021-10-12,8.362193878126783
2021-10-13,8.410080972757692
2021-10-14,6.929115628113943
2021-10-15,6.746198416547553
2021-10-18,6.758980479027313
2021-10-19,6.6852221335324
2021-10-20,6.675899456517341
2021-10-21,6.744732855527083
2021-10-22,6.88694653371267
2021-10-25,6.782146117338366
2021-10-26,6.788869556816205
2021-10-27,10.648128107577023
2021-10-28,11.070419389710223
2021-10-29,12.99239586055427
2021-11-01,13.553473003630456
2021-11-02,14.461444260371678
2021-11-03,14.4760972214423
2021-11-04,15.051618019875118
2021-11-05,16.72963057961591
2021-11-08,16.763311842031996
2021-11-09,16.909123290850825
2021-11-10,16.959384583525747
2021-11-11,17.29907866002881
2021-11-12,17.29934303541356
2021-11-15,18.244435896548065
2021-11-16,18.45580089248934
2021-11-17,18.7679964568274
2021-11-18,19.06321806759039
2021-11-19,20.170191294948957
2021-11-22,20.471266042611727
2021-11-23,20.57413351671395
2021-11-24,21.08609713351413
2021-11-26,19.24291963731993
2021-11-29,18.80935150322811
2021-11-30,17.364584641854357
2021-12-01,16.704879112696176
2021-12-02,16.24249341726815
2021-12-03,15.811826567759498
2021-12-06,17.200139972307895
2021-12-07,15.694164609405439
2021-12-08,15.717839216164986
2021-12-09,15.521768487786828
2021-12-10,15.492666994937288
2021-12-13,15.149632519945314
2021-12-14,15.782284321366161
2021-12-15,14.683344590476333
2021-12-16,15.733167936360845
2021-12-17,15.689026254514454
2021-12-20,15.659461445823009
2021-12-21,15.350750568160212
2021-12-22,14.78009508513462
2021-12-23,14.714719522096553
2021-12-27,13.293850094860488
2021-12-28,13.231288302360298
2021-12-29,16.49590588056092
2021-12-30,18.23931973117781
2021-12-31,18.53630618476137
2022-01-03,18.741600836424375
2022-01-04,20.292951271110184
2022-01-05,19.580327829939527
2022-01-06,19.583860829871625
2022-01-07,19.905738770689272
2022-01-10,20.66579036483215
2022-01-11,21.17316153850937
2022-01-12,21.878535111409466
2022-01-13,21.504040296921215
2022-01-14,22.404559034615918
2022-01-18,21.591493544164237
2022-01-19,22.53839133306394
2022-01-20,22.37159462134066
2022-01-21,21.688702143110557
2022-01-24,22.466129209391436
2022-01-25,22.871395206873746
2022-01-26,24.199129376202503
2022-01-27,24.131827787582484
2022-01-28,23.147929004799344
2022-01-31,23.121965143757325
2022-02-01,22.959469227126416
2022-02-02,22.66477728599253
2022-02-03,23.36914952101032
2022-02-04,23.216785333548714
2022-02-07,25.29613678972663
2022-02-08,25.005899486997947
2022-02-09,24.420737795205923
2022-02-10,23.91394470973676
2022-02-11,24.685581781000703
2022-02-14,26.008231592665144
2022-02-15,25.770064591011156
2022-02-16,26.11452971678253
2022-02-17,24.946317549828294
2022-02-18,25.0126857634985
2022-02-22,25.153016344133572
2022-02-23,24.385005894566355
2022-02-24,24.029585829522
2022-02-25,23.04662899991199
2022-02-28,23.24497536634345
2022-03-01,22.534825101052185
2022-03-02,22.726419876731477
2022-03-03,22.597413180550426
2022-03-04,22.392329506482604
2022-03-07,19.868352878646796
2022-03-08,20.05788772539965
2022-03-09,18.41175312614666
2022-03-10,18.344817041395483
2022-03-11,18.81468700645077
2022-03-14,18.602312990562616
2022-03-15,17.629188122827486
2022-03-16,16.67956241019467
2022-03-17,16.108725757205697
2022-03-18,16.572554812386098
2022-03-21,16.573271576380513
2022-03-22,16.804074132732996
2022-03-23,18.877744860430184
2022-03-24,18.168582087136
2022-03-25,20.057637575758942
2022-03-28,19.77963220111613
2022-03-29,21.449818181447615
2022-03-30,24.354899605210402
2022-03-31,24.30677817529935
2022-04-01,24.367076324637882
2022-04-04,26.715544583543416
2022-04-05,28.952041330401425
2022-04-06,28.886937921781403
2022-04-07,30.346251251483547
2022-04-08,30.462578967459088
2022-04-11,30.442805549251695
2022-04-12,30.469561364576514
2022-04-13,31.60438066840617
2022-04-14,31.487974765395286
2022-04-18,32.58020471845273
2022-04-19,34.27980512831524
2022-04-20,34.221786177296735
2022-04-21,34.147540756135314
2022-04-22,34.092198626265315
2022-04-25,33.962213800073634
2022-04-26,33.05261594001407
2022-04-27,33.89809650186014
2022-04-28,33.897660842625335
2022-04-29,31.425342043485305
2022-05-02,31.457790745737412
2022-05-03,32.08920535433847
2022-05-04,30.698255041254562
2022-05-05,28.103840138707238
2022-05-06,28.227737201374424
2022-05-09,25.939880202389237
2022-05-10,27.400304796647884
2022-05-11,28.73441839591569
2022-05-12,31.77497386330932
2022-05-13,30.35464708272227
2022-05-16,30.988652414984024
2022-05-17,31.547544397482856
2022-05-18,28.759249964042077
2022-05-19,30.24345357151676
2022-05-20,30.23653551552521
2022-05-23,29.64086371178259
2022-05-24,31.569966630338346
2022-05-25,31.37810774102869
2022-05-26,31.124128420656355
2022-05-27,29.52290688715069
2022-05-31,29.55955423599168
2022-06-01,29.959026916452004
2022-06-02,28.986600216917648
2022-06-03,28.739382973686535
2022-06-06,29.343020734600284
2022-06-07,29.02402401810352
2022-06-08,29.050152215627435
2022-06-09,28.142762189192005
2022-06-10,26.383260164432855
2022-06-13,22.4386734938589
2022-06-14,23.263590560016258
2022-06-15,23.015773310905328
2022-06-16,21.356111871275868
2022-06-17,21.36845191717551
2022-06-21,20.166896062389394
2022-06-22,20.567503450521542
2022-06-23,20.41137901773038
2022-06-24,18.19453793415098
2022-06-27,20.202175939683684
2022-06-28,18.86414543536148
2022-06-29,19.189697482236827
2022-06-30,18.806045444486628
2022-07-01,19.000957196796243
2022-07-05,19.459188318626026
2022-07-06,19.525607068084796
2022-07-07,19.16607470067658
2022-07-08,19.176514759538712
2022-07-11,18.64104946999367
2022-07-12,19.040149680806774
2022-07-13,18.857009629534506
2022-07-14,19.095365226475117
2022-07-15,18.483232139698412
2022-07-18,17.87252663171634
2022-07-19,16.54369489234205
2022-07-20,16.536995112929514
2022-07-21,17.348380101162338
2022-07-22,18.872172291991376
2022-07-25,18.93028580245895
2022-07-26,18.281226337153523
2022-07-27,16.78609581957689
2022-07-28,20.54922399756977
2022-07-29,19.983199027290713
2022-08-01,20.272747787471648
2022-08-02,20.313777556139122
2022-08-03,19.42697910854546
2022-08-04,19.642708077196776
2022-08-05,19.64462518054506
2022-08-08,20.94738787643642
2022-08-09,21.128404566056343
2022-08-10,20.42525242688274
2022-08-11,20.856481143821743
2022-08-12,24.580993047350162
2022-08-15,24.558023999773525
2022-08-16,24.583806412901854
2022-08-17,24.583074547105177
2022-08-18,24.79584315771065
2022-08-19,24.731041899233258
2022-08-22,24.391346855794453
2022-08-23,24.424105262767494
2022-08-24,24.660828319227754
2022-08-25,23.66549369864643
2022-08-26,21.447303169333644
2022-08-29,23.055213043950722
2022-08-30,23.726695858267117
2022-08-31,23.998537933755053
2022-09-01,26.087877419693307
2022-09-02,28.41241245593619
2022-09-06,28.39887039957557
2022-09-07,27.60931127295203
2022-09-08,28.73170537566016
2022-09-09,27.829839283466406
2022-09-12,27.20067271013815
2022-09-13,23.487470480990577
2022-09-14,25.599972120959265
2022-09-15,26.446297764224997
2022-09-16,28.395549808230726
2022-09-19,28.62483658046278
2022-09-20,28.483987527645855
2022-09-21,28.03634631175521
2022-09-22,29.204971455126177
2022-09-23,28.771729981861142
2022-09-26,28.877871272207955
2022-09-27,29.044348961016453
2022-09-28,28.48811414214523
2022-09-29,28.342898624802228
2022-09-30,27.831482580722856
2022-10-03,26.767666201239294
2022-10-04,26.37945592488827
2022-10-05,26.61447359681069
2022-10-06,26.822532945106897
2022-10-07,24.850079123033066
2022-10-10,24.621868516680752
2022-10-11,25.79153479992764
2022-10-12,31.321316929186004
2022-10-13,30.449105379633878
2022-10-14,29.12975923256611
2022-10-17,28.123693816947615
2022-10-18,28.289799675220443
2022-10-19,28.16214294507619
2022-10-20,27.872742239464998
2022-10-21,27.033470571973172
2022-10-24,27.112843470272157
2022-10-25,26.693660533310172
2022-10-26,26.48920978513201
2022-10-27,27.06711386507619
2022-10-28,25.824109175591236
2022-10-31,27.598430851961936
2022-11-01,27.523453554724842
2022-11-02,25.638934367993883
2022-11-03,26.28548146662769
2022-11-04,26.72051457161697
2022-11-07,26.611634394606863
2022-11-08,26.656197163779893
2022-11-09,25.59426185017651
2022-11-10,18.08933457140957
2022-11-11,17.98298347257398
2022-11-14,17.82125810222394
2022-11-15,19.630671388113736
2022-11-16,19.78928750522701
2022-11-17,19.964108337614434
2022-11-18,19.85699529089448
2022-11-21,20.640061449013054
2022-11-22,20.46755579158856
2022-11-23,20.46525179045704
2022-11-25,20.462299970980048
2022-11-28,20.214469369728256
2022-11-29,21.319077087552955
2022-11-30,17.908878915622704
2022-12-01,17.897145369866212
2022-12-02,18.260856346421235
2022-12-05,17.709586771251747
2022-12-06,19.10199035498296
2022-12-07,19.096343386361365
2022-12-08,19.068744150783694
2022-12-09,19.431412039131953
2022-12-12,18.81946116234789
2022-12-13,18.692049685265157
2022-12-14,18.585471532191676
2022-12-15,17.197156786788074
2022-12-16,16.938429496082524
2022-12-19,17.669691651775814
2022-12-20,17.994995541551344
2022-12-21,17.446754303134767
2022-12-22,16.443831605279893
2022-12-23,16.673522060155182
2022-12-27,16.497521853762258
2022-12-28,16.610504938949973
2022-12-29,16.331952184194453
2022-12-30,16.42024273493815
2023-01-03,16.6330344423322
2023-01-04,17.33190207641842
2023-01-05,16.821664306249044
2023-01-06,15.73972267205519
2023-01-09,16.46129139032325
2023-01-10,16.852194513466465
2023-01-11,16.38717467207349
2023-01-12,16.737716721201195
2023-01-13,16.732955997545897
2023-01-17,16.68405608430651
2023-01-18,16.45597811543707
2023-01-19,16.181699733488603
2023-01-20,16.77063227968389
2023-01-23,16.245319755882907
2023-01-24,16.361776092563392
2023-01-25,16.764514646419304
2023-01-26,16.299317867531563
2023-01-27,16.26578795548254
2023-01-30,15.748347973926712
2023-01-31,15.062761792865723
2023-02-01,15.716247989458918
2023-02-02,14.699061076323424
2023-02-03,15.178571327657837
2023-02-06,15.128641339951718
2023-02-07,15.329610518039715
2023-02-08,15.606727809546006
2023-02-09,15.469168176603839
2023-02-10,16.757087992091574
2023-02-13,16.099500418977286
2023-02-14,17.56343014385287
2023-02-15,17.737149080002133
2023-02-16,17.685890173063843
2023-02-17,18.37951139439707
2023-02-21,17.934102005033623
2023-02-22,17.976257415087694
2023-02-23,17.989169814932087
2023-02-24,17.6191223591904
2023-02-27,17.59362120001152
2023-02-28,18.230470325623667
2023-03-01,18.197709709894884
2023-03-02,18.642843098043397
2023-03-03,17.90835354527472
2023-03-06,18.05993248510459
2023-03-07,17.14322208408283
2023-03-08,17.162496872394527
2023-03-09,15.557933920606331
2023-03-10,14.341705486654464
2023-03-13,14.473418179175662
2023-03-14,14.138621408189541
2023-03-15,13.812286871624577
2023-03-16,12.772348601906852
2023-03-17,11.838595477635074
2023-03-20,11.66572099349754
2023-03-21,11.349942738872862
2023-03-22,9.263254519486418
2023-03-23,9.273487107597548
2023-03-24,11.103171193367311
2023-03-27,11.237190271287718
2023-03-28,12.873479399355897
2023-03-29,12.317560397722847
2023-03-30,12.245442954560431
2023-03-31,12.083369363660717
2023-04-03,12.253035051991182
2023-04-04,12.342533442868442
2023-04-05,13.913684471084151
2023-04-06,13.869650109421979
2023-04-10,13.973112174743177
2023-04-11,14.053998193994122
2023-04-12,13.981231891890294
2023-04-13,13.201408429874778
2023-04-14,13.229028218421321
2023-04-17,13.348771416933063
2023-04-18,14.010762799941412
2023-04-19,14.380162630188215
2023-04-20,14.208203923555631
2023-04-21,14.209298278287644
2023-04-24,14.800154641478338
2023-04-25,13.89907808298321
2023-04-26,14.083438745174442
2023-04-27,13.181501228952492
2023-04-28,12.903125927020682
2023-05-01,13.099528862576518
2023-05-02,12.771076988304708
2023-05-03,13.194622938245345
2023-05-04,12.843225518704504
2023-05-05,11.474355776103664
2023-05-08,11.62586577615762
2023-05-09,11.516599816833581
2023-05-10,11.483386560927997
2023-05-11,11.687326042488923
2023-05-12,11.698026510813673
2023-05-15,11.716636864532083
2023-05-16,11.670191998934394
2023-05-17,11.516321673072065
2023-05-18,11.535601100540365
2023-05-19,11.757373754644414
2023-05-22,11.754007370208305
2023-05-23,11.294840563452592
2023-05-24,11.029144530276211
2023-05-25,11.258152360660011
2023-05-26,10.631686782133382
2023-05-30,10.643897047711365
2023-05-31,10.748168143221935
2023-06-01,10.470508424151234
2023-06-02,9.639229689770092
2023-06-05,10.1418498375418
2023-06-06,10.248040628295321
2023-06-07,10.084629284877972
2023-06-08,10.11805881589144
2023-06-09,10.312838935998665
2023-06-12,10.240504534090618
2023-06-13,10.11390747747541
2023-06-14,10.143951226997096
2023-06-15,9.625815627955497
2023-06-16,9.452490961343821
2023-06-20,9.650234875235228
2023-06-21,9.342024118924826
2023-06-22,9.350845191690494
2023-06-23,8.6863696351644
2023-06-26,8.380545292003399
2023-06-27,8.286320821326632
2023-06-28,8.708601619986913
2023-06-29,8.671530866429643
2023-06-30,7.979654397373463
2023-07-03,9.574940273469029
2023-07-05,9.596785663216814
2023-07-06,9.34094275385354
2023-07-07,9.665182697350943
2023-07-10,9.839136471487587
2023-07-11,9.98010847156493
2023-07-12,9.642729834558786
2023-07-13,9.139795483624463
2023-07-14,9.38634390956227
2023-07-17,10.05794993699686
2023-07-18,9.871235719278774
2023-07-19,9.980428819851907
2023-07-20,9.850685606667078
2023-07-21,10.276021708834218
2023-07-24,10.087313310066866
2023-07-25,10.919072376730334
2023-07-26,11.6869536456629
2023-07-27,11.94486829371964
2023-07-28,11.579133048701115
2023-07-31,12.809054134128935
2023-08-01,12.89699359228045
2023-08-02,11.970141788385304
2023-08-03,11.950904929886462
2023-08-04,11.892989415606001
2023-08-07,11.692414853559006
2023-08-08,11.657677243576062
2023-08-09,11.425256025748459
2023-08-10,11.666787386756267
2023-08-11,11.839902357064181
2023-08-14,11.665653063449987
2023-08-15,11.258357290132036
2023-08-16,11.792864541692513
2023-08-17,11.406070737672174
2023-08-18,11.450295777452164
2023-08-21,11.752226714186502
2023-08-22,13.059599950723918
2023-08-23,12.363373886999662
2023-08-24,11.63975575518052
2023-08-25,12.349477936028924
2023-08-28,12.049314486781602
2023-08-29,10.919008117448207
2023-08-30,10.701399220197622
2023-08-31,10.734041628779202
2023-09-01,11.319052365726252
2023-09-05,11.95253420927008
2023-09-06,11.846988914706126
2023-09-07,12.79146731970338
2023-09-08,13.042182270874392
2023-09-11,12.935454804379706
2023-09-12,12.97814639697876
2023-09-13,13.081119647302893
2023-09-14,12.650628132636713
2023-09-15,12.76852312012948
2023-09-18,12.759152477627914
2023-09-19,13.48685116505816
2023-09-20,13.421405965083554
2023-09-21,12.927793310045946
2023-09-22,12.922855200149213
2023-09-25,13.131805942093935
2023-09-26,13.079186881568235
2023-09-27,13.60299003074464
2023-09-28,13.369238656081617
2023-09-29,14.21610963698226
2023-10-02,14.467050680424565
2023-10-03,14.208686426140261
2023-10-04,15.38569315523261
2023-10-05,15.65978337639116
2023-10-06,15.179627142339694
2023-10-09,15.064391402154968
2023-10-10,14.968328373368836
2023-10-11,15.164183523131536
2023-10-12,15.943363107045922
2023-10-13,15.818646053871415
2023-10-16,16.699715837864108
2023-10-17,16.69201399825741
2023-10-18,15.79335132031028
2023-10-19,15.32165644695214
2023-10-20,14.35477390986197
2023-10-23,14.37056653330209
2023-10-24,14.308206091475059
2023-10-25,12.82403600776211
2023-10-26,11.675472322297866
2023-10-27,11.25624687676032
2023-10-30,11.111985069515182
2023-10-31,11.082075948884272
2023-11-01,10.860696192934546
2023-11-02,9.878016916663118
2023-11-03,9.6313236775521
2023-11-06,9.863841205032891
2023-11-07,10.076930241973841
2023-11-08,10.087350358818133
2023-11-09,9.348559385543915
2023-11-10,8.192104089162994
2023-11-13,8.956972136585424
2023-11-14,6.868966215199984
2023-11-15,6.915255337439512
2023-11-16,6.947950097153939
2023-11-17,7.03551625973544
2023-11-20,9.048191916117238
2023-11-21,9.427390019435425
2023-11-22,9.402615968113185
2023-11-24,9.417074734385585
2023-11-27,9.30120564262069
2023-11-28,9.314985672631398
2023-11-29,9.420748550214919
2023-11-30,
2023-12-01,
2023-12-04,
2023-12-05,
2023-12-06,
2023-12-07,
2023-12-08,
2023-12-11,
2023-12-12,
2023-12-13,
2023-12-14,
2023-12-15,
2023-12-18,
2023-12-19,
2023-12-20,
2023-12-21,
2023-12-22,
2023-12-26,
2023-12-27,
2023-12-28,
2023-12-29,
