date,near,next,vix
2018-01-02,2018-01-31,2018-02-02,8.762574939035675
2018-01-03,2018-02-02,2018-02-05,8.404800515927487
2018-01-04,2018-02-02,2018-02-05,8.493159773039643
2018-01-05,2018-02-02,2018-02-05,8.467251771247845
2018-01-08,2018-02-07,2018-02-09,8.596005046504619
2018-01-09,2018-02-07,2018-02-09,9.261248491913438
2018-01-10,2018-02-09,2018-02-12,9.197287959273142
2018-01-11,2018-02-09,2018-02-12,9.099657207148434
2018-01-12,2018-02-09,2018-02-12,9.29533906778034
2018-01-16,2018-02-14,2018-02-16,10.816683061615578
2018-01-17,2018-02-16,2018-02-20,10.634362840642682
2018-01-18,2018-02-16,2018-02-20,10.852616770200814
2018-01-19,2018-02-16,2018-02-20,10.125725075542222
2018-01-22,2018-02-21,2018-02-23,10.151551071627516
2018-01-23,2018-02-21,2018-02-23,10.254902724710414
2018-01-24,2018-02-23,2018-02-26,10.811592257046993
2018-01-25,2018-02-23,2018-02-26,10.75121748681024
2018-01-26,2018-02-23,2018-02-26,10.404862033405808
2018-01-29,2018-02-28,2018-03-02,12.592658534696108
2018-01-30,2018-02-28,2018-03-02,13.390455736010553
2018-01-31,2018-03-02,2018-03-05,12.749670342402164
2018-02-01,2018-03-02,2018-03-05,12.428309578543683
2018-02-02,2018-03-02,2018-03-05,15.41436711132934
2018-02-05,2018-03-07,2018-03-09,27.199922058279913
2018-02-06,2018-03-07,2018-03-09,23.537103893301943
2018-02-07,2018-03-09,2018-03-12,19.351153620078684
2018-02-08,2018-03-09,2018-03-12,27.015317527461868
2018-02-09,2018-03-09,2018-03-12,23.104324775369392
2018-02-12,2018-03-14,2018-03-16,19.636414341158424
2018-02-13,2018-03-14,2018-03-16,19.34529240260857
2018-02-14,2018-03-16,2018-03-19,16.594224866986167
2018-02-15,2018-03-16,2018-03-19,16.195303674953873
2018-02-16,2018-03-16,2018-03-19,16.033782998116106
2018-02-20,2018-03-21,2018-03-23,17.15151421676006
2018-02-21,2018-03-23,2018-03-26,17.06517751924134
2018-02-22,2018-03-23,2018-03-26,16.45450091702013
2018-02-23,2018-03-23,2018-03-26,13.886133414726759
2018-02-26,2018-03-28,2018-03-29,13.790565149865074
2018-02-27,2018-03-29,2018-04-02,16.06843067071719
2018-02-28,2018-03-29,2018-04-02,16.5713747040905
2018-03-01,2018-03-29,2018-04-02,17.97253988122794
2018-03-02,2018-03-29,2018-04-02,16.292118543815935
2018-03-05,2018-04-04,2018-04-06,15.577089759517676
2018-03-06,2018-04-04,2018-04-06,15.438989134138357
2018-03-07,2018-04-06,2018-04-09,15.194328265562444
2018-03-08,2018-04-06,2018-04-09,14.367732869995677
2018-03-09,2018-04-06,2018-04-09,12.442041537016243
2018-03-12,2018-04-11,2018-04-13,13.328103500816969
2018-03-13,2018-04-11,2018-04-13,13.985638161793165
2018-03-14,2018-04-13,2018-04-16,14.494342966278545
2018-03-15,2018-04-13,2018-04-16,13.628504640590098
2018-03-16,2018-04-13,2018-04-16,12.95412315872168
2018-03-19,2018-04-18,2018-04-20,15.831024957243384
2018-03-20,2018-04-18,2018-04-20,15.625148663550775
2018-03-21,2018-04-20,2018-04-23,15.42101091265966
2018-03-22,2018-04-20,2018-04-23,19.259313734094853
2018-03-23,2018-04-20,2018-04-23,20.921717654562688
2018-03-26,2018-04-25,2018-04-27,18.003204674730213
2018-03-27,2018-04-25,2018-04-27,19.835419696395817
2018-03-28,2018-04-27,2018-04-30,19.889535777409137
2018-03-29,2018-04-27,2018-04-30,17.74842427247991
2018-04-02,2018-05-02,2018-05-04,20.475150123801004
2018-04-03,2018-05-02,2018-05-04,19.037955260740535
2018-04-04,2018-05-04,2018-05-07,18.226277957711343
2018-04-05,2018-05-04,2018-05-07,17.018537457175704
2018-04-06,2018-05-04,2018-05-07,18.698596730036225
2018-04-09,2018-05-09,2018-05-11,19.376987039777966
2018-04-10,2018-05-09,2018-05-11,18.147025834656585
2018-04-11,2018-05-11,2018-05-14,18.080313718993587
2018-04-12,2018-05-11,2018-05-14,16.61861319367607
2018-04-13,2018-05-11,2018-05-14,15.468803972197554
2018-04-16,2018-05-16,2018-05-18,14.455147738875315
2018-04-17,2018-05-16,2018-05-18,13.594005628623995
2018-04-18,2018-05-18,2018-05-21,13.431866304403176
2018-04-19,2018-05-18,2018-05-21,14.05524976845324
2018-04-20,2018-05-18,2018-05-21,14.850877905855626
2018-04-23,2018-05-23,2018-05-25,14.774003056338694
2018-04-24,2018-05-23,2018-05-25,16.204658401399033
2018-04-25,2018-05-25,2018-05-29,16.3254161741791
2018-04-26,2018-05-25,2018-05-29,14.876238074332226
2018-04-27,2018-05-25,2018-05-29,13.816683547977027
2018-04-30,2018-05-30,2018-05-31,14.130501968466818
2018-05-01,2018-05-31,2018-06-01,13.808363072867738
2018-05-02,2018-06-01,2018-06-04,14.292402095180426
2018-05-03,2018-06-01,2018-06-04,14.561347745588174
2018-05-04,2018-06-01,2018-06-04,13.2480437425221
2018-05-07,2018-06-06,2018-06-08,13.375669958816719
2018-05-08,2018-06-06,2018-06-08,13.328569555581279
2018-05-09,2018-06-08,2018-06-11,12.373467813296967
2018-05-10,2018-06-08,2018-06-11,11.691645144540162
2018-05-11,2018-06-08,2018-06-11,11.244716649036311
2018-05-14,2018-06-13,2018-06-15,11.64736812720257
2018-05-15,2018-06-13,2018-06-15,12.783050208671975
2018-05-16,2018-06-15,2018-06-18,12.085815974953988
2018-05-17,2018-06-15,2018-06-18,11.892835461230078
2018-05-18,2018-06-15,2018-06-18,11.847846692986675
2018-05-21,2018-06-20,2018-06-22,11.698305314453183
2018-05-22,2018-06-20,2018-06-22,11.784192044619155
2018-05-23,2018-06-22,2018-06-25,11.235106586290883
2018-05-24,2018-06-22,2018-06-25,11.075665971357553
2018-05-25,2018-06-22,2018-06-25,11.341017608165
2018-05-29,2018-06-27,2018-06-29,14.4668051038639
2018-05-30,2018-06-29,2018-07-02,12.67585435821181
2018-05-31,2018-06-29,2018-07-02,13.10084757087577
2018-06-01,2018-06-29,2018-07-02,11.638947900841547
2018-06-04,2018-07-03,2018-07-06,11.128913509642558
2018-06-05,2018-07-03,2018-07-06,11.067256032978856
2018-06-06,2018-07-06,2018-07-09,10.281030566990893
2018-06-07,2018-07-06,2018-07-09,10.736599142214216
2018-06-08,2018-07-06,2018-07-09,10.507029480844505
2018-06-11,2018-07-11,2018-07-13,10.753752770246036
2018-06-12,2018-07-11,2018-07-13,10.615494049375929
2018-06-13,2018-07-13,2018-07-16,11.295801161903285
2018-06-14,2018-07-13,2018-07-16,10.58566421211605
2018-06-15,2018-07-13,2018-07-16,10.285331561056072
2018-06-18,2018-07-18,2018-07-20,10.80411110394257
2018-06-19,2018-07-18,2018-07-20,11.658947436673419
2018-06-20,2018-07-20,2018-07-23,11.289853614641464
2018-06-21,2018-07-20,2018-07-23,12.701934014977803
2018-06-22,2018-07-20,2018-07-23,12.087370612481791
2018-06-25,2018-07-25,2018-07-27,14.835803787789962
2018-06-26,2018-07-25,2018-07-27,14.078198071203573
2018-06-27,2018-07-27,2018-07-30,15.777436706189105
2018-06-28,2018-07-27,2018-07-30,14.592151969373976
2018-06-29,2018-07-27,2018-07-30,13.708828279944058
2018-07-02,2018-08-01,2018-08-03,13.308148947002312
2018-07-03,2018-08-01,2018-08-03,14.075432378014346
2018-07-05,2018-08-03,2018-08-06,12.998574196244927
2018-07-06,2018-08-03,2018-08-06,11.507877750223193
2018-07-09,2018-08-08,2018-08-10,10.909520344605037
2018-07-10,2018-08-08,2018-08-10,10.960270850524205
2018-07-11,2018-08-10,2018-08-13,11.816783105978159
2018-07-12,2018-08-10,2018-08-13,10.853063261692206
2018-07-13,2018-08-10,2018-08-13,10.540533576205421
2018-07-16,2018-08-15,2018-08-17,10.824296465986842
2018-07-17,2018-08-15,2018-08-17,10.393243407873918
2018-07-18,2018-08-17,2018-08-20,10.294690387314809
2018-07-19,2018-08-17,2018-08-20,10.979698665830396
2018-07-20,2018-08-17,2018-08-20,10.779217253302184
2018-07-23,2018-08-22,2018-08-24,10.902477018569718
2018-07-24,2018-08-22,2018-08-24,10.855542933537956
2018-07-25,2018-08-24,2018-08-27,10.528071085201104
2018-07-26,2018-08-24,2018-08-27,10.673805925426503
2018-07-27,2018-08-24,2018-08-27,11.096729157089902
2018-07-30,2018-08-29,2018-08-31,12.085673556752635
2018-07-31,2018-08-29,2018-08-31,11.2789474590522
2018-08-01,2018-08-31,2018-09-04,11.318330488207913
2018-08-02,2018-08-31,2018-09-04,10.655300331264744
2018-08-03,2018-08-31,2018-09-04,9.981339380574
2018-08-06,2018-09-05,2018-09-07,9.692702563728247
2018-08-07,2018-09-05,2018-09-07,9.599241171175056
2018-08-08,2018-09-07,2018-09-10,9.530905168419055
2018-08-09,2018-09-07,2018-09-10,9.881011254808096
2018-08-10,2018-09-07,2018-09-10,11.077930914660499
2018-08-13,2018-09-12,2018-09-14,12.323705906651563
2018-08-14,2018-09-12,2018-09-14,11.251767437437103
2018-08-15,2018-09-14,2018-09-17,12.691691096701978
2018-08-16,2018-09-14,2018-09-17,11.544494307094475
2018-08-17,2018-09-14,2018-09-17,10.75414833314893
2018-08-20,2018-09-19,2018-09-21,10.769375571867867
2018-08-21,2018-09-19,2018-09-21,10.893206127493604
2018-08-22,2018-09-21,2018-09-24,10.549379782567488
2018-08-23,2018-09-21,2018-09-24,10.773275665775605
2018-08-24,2018-09-21,2018-09-24,10.375240131431243
2018-08-27,2018-09-26,2018-09-28,10.425600642729757
2018-08-28,2018-09-26,2018-09-28,10.779469928273604
2018-08-29,2018-09-28,2018-10-01,10.652049141882197
2018-08-30,2018-09-28,2018-10-01,11.441451309589535
2018-08-31,2018-09-28,2018-10-01,10.894580587577275
2018-09-04,2018-10-03,2018-10-05,11.449941061597153
2018-09-05,2018-10-05,2018-10-08,11.774595953671378
2018-09-06,2018-10-05,2018-10-08,12.336131718014714
2018-09-07,2018-10-05,2018-10-08,12.315522483235226
2018-09-10,2018-10-10,2018-10-12,11.943839698867256
2018-09-11,2018-10-10,2018-10-12,11.287002049254157
2018-09-12,2018-10-12,2018-10-15,11.064612939564537
2018-09-13,2018-10-12,2018-10-15,10.35094332349776
2018-09-14,2018-10-12,2018-10-15,10.033665403907264
2018-09-17,2018-10-17,2018-10-19,11.355053891085252
2018-09-18,2018-10-17,2018-10-19,10.940646216599898
2018-09-19,2018-10-19,2018-10-22,10.270562039232786
2018-09-20,2018-10-19,2018-10-22,10.349579161693423
2018-09-21,2018-10-19,2018-10-22,10.147870219033303
2018-09-24,2018-10-22,2018-10-26,10.829981554022606
2018-09-25,2018-10-24,2018-10-26,11.071563695858272
2018-09-26,2018-10-26,2018-10-29,11.393773610985976
2018-09-27,2018-10-26,2018-10-29,10.818154013831021
2018-09-28,2018-10-26,2018-10-29,10.669095550530216
2018-10-01,2018-10-31,2018-11-02,10.491615980543587
2018-10-02,2018-10-31,2018-11-02,10.674029904916198
2018-10-03,2018-11-02,2018-11-05,10.61834596722237
2018-10-04,2018-11-02,2018-11-05,12.218724794824517
2018-10-05,2018-11-02,2018-11-05,13.090989472914805
2018-10-08,2018-11-07,2018-11-09,14.190525766724937
2018-10-09,2018-11-07,2018-11-09,14.333332664051083
2018-10-10,2018-11-09,2018-11-12,19.37845654876334
2018-10-11,2018-11-09,2018-11-12,21.87975120976899
2018-10-12,2018-11-09,2018-11-12,18.48739091544139
2018-10-15,2018-11-14,2018-11-16,18.37708905211519
2018-10-16,2018-11-14,2018-11-16,15.79225682768387
2018-10-17,2018-11-16,2018-11-19,15.542773389404758
2018-10-18,2018-11-16,2018-11-19,17.71849932198916
2018-10-19,2018-11-16,2018-11-19,17.385574097348762
2018-10-22,2018-11-21,2018-11-23,17.40297529688843
2018-10-23,2018-11-21,2018-11-23,18.486462736622276
2018-10-24,2018-11-23,2018-11-26,22.25126004772573
2018-10-25,2018-11-23,2018-11-26,20.008684928109187
2018-10-26,2018-11-23,2018-11-26,21.812399981268165
2018-10-29,2018-11-28,2018-11-30,21.771783998051497
2018-10-30,2018-11-28,2018-11-30,20.649454962513826
2018-10-31,2018-11-30,2018-12-03,19.185139900309395
2018-11-01,2018-11-30,2018-12-03,17.478880101106235
2018-11-02,2018-11-30,2018-12-03,17.879020154175063
2018-11-05,2018-12-05,2018-12-07,17.87659304878909
2018-11-06,2018-12-05,2018-12-07,17.90366013325479
2018-11-07,2018-12-07,2018-12-10,14.999887592881045
2018-11-08,2018-12-07,2018-12-10,15.095779427620231
2018-11-09,2018-12-07,2018-12-10,15.567858030417284
2018-11-12,2018-12-12,2018-12-14,18.42118632923276
2018-11-13,2018-12-12,2018-12-14,18.296057217024757
2018-11-14,2018-12-14,2018-12-17,19.16010639626907
2018-11-15,2018-12-14,2018-12-17,18.159574009436376
2018-11-16,2018-12-14,2018-12-17,16.865534052100937
2018-11-19,2018-12-18,2018-12-20,19.124132827753783
2018-11-20,2018-12-20,2018-12-21,20.64343561690358
2018-11-21,2018-12-21,2018-12-26,19.11225753923901
2018-11-23,2018-12-21,2018-12-24,19.704451921311815
2018-11-26,2018-12-26,2018-12-28,17.18960151898088
2018-11-27,2018-12-26,2018-12-28,17.471446050395155
2018-11-28,2018-12-28,2018-12-31,17.050089092021036
2018-11-29,2018-12-28,2018-12-31,17.5310164708446
2018-11-30,2018-12-28,2018-12-31,17.080022131958756
2018-12-03,2019-01-02,2019-01-04,14.877938044368314
2018-12-04,2019-01-02,2019-01-04,18.783918770075278
2018-12-05,2019-01-04,2019-01-07,19.060262474781652
2018-12-06,2019-01-04,2019-01-07,19.074279761661366
2018-12-07,2019-01-04,2019-01-07,21.00848697477028
2018-12-10,2019-01-09,2019-01-11,20.30132440560587
2018-12-11,2019-01-09,2019-01-11,19.885007496145978
2018-12-12,2019-01-11,2019-01-14,19.459137892317397
2018-12-13,2019-01-11,2019-01-14,18.556946765081257
2018-12-14,2019-01-11,2019-01-14,19.46665346886906
2018-12-17,2019-01-16,2019-01-18,21.90159249358742
2018-12-18,2019-01-16,2019-01-18,22.35752573895032
2018-12-19,2019-01-18,2019-01-22,21.73420078540974
2018-12-20,2019-01-18,2019-01-22,24.234629799941377
2018-12-21,2019-01-18,2019-01-22,25.466703512687406
2018-12-24,2019-01-23,2019-01-25,29.954215926467487
2018-12-26,2019-01-25,2019-01-28,26.041445720676514
2018-12-27,2019-01-25,2019-01-28,26.37983949386864
2018-12-28,2019-01-25,2019-01-28,24.89090103765092
2018-12-31,2019-01-30,2019-01-31,23.089787357490152
2019-01-02,2019-02-01,2019-02-04,21.08666001682886
2019-01-03,2019-02-01,2019-02-04,22.790789135535853
2019-01-04,2019-02-01,2019-02-04,19.48921185212234
2019-01-07,2019-02-06,2019-02-08,19.31190968062017
2019-01-08,2019-02-06,2019-02-08,18.575980605516847
2019-01-09,2019-02-08,2019-02-11,18.262767630186207
2019-01-10,2019-02-08,2019-02-11,17.7782353167317
2019-01-11,2019-02-08,2019-02-11,16.584196906126746
2019-01-14,2019-02-13,2019-02-15,16.966397366516247
2019-01-15,2019-02-13,2019-02-15,16.420640797109368
2019-01-16,2019-02-15,2019-02-19,16.44539984096812
2019-01-17,2019-02-15,2019-02-19,15.836793665885027
2019-01-18,2019-02-15,2019-02-19,15.517030762436072
2019-01-22,2019-02-20,2019-02-22,18.155871316079857
2019-01-23,2019-02-22,2019-02-25,17.715111360338827
2019-01-24,2019-02-22,2019-02-25,16.441080356640082
2019-01-25,2019-02-22,2019-02-25,15.609755544576235
2019-01-28,2019-02-27,2019-02-28,16.793009372639634
2019-01-29,2019-02-28,2019-03-01,17.33763912675867
2019-01-30,2019-03-01,2019-03-04,16.027705079900116
2019-01-31,2019-03-01,2019-03-04,14.912350585402034
2019-02-01,2019-03-01,2019-03-04,14.489801633955732
2019-02-04,2019-03-06,2019-03-08,14.049871206252314
2019-02-05,2019-03-06,2019-03-08,14.147449827244712
2019-02-06,2019-03-08,2019-03-11,14.1588738274064
2019-02-07,2019-03-08,2019-03-11,14.784942680386646
2019-02-08,2019-03-08,2019-03-11,14.150532765568776
2019-02-11,2019-03-13,2019-03-15,14.513727292841153
2019-02-12,2019-03-13,2019-03-15,13.937930140500878
2019-02-13,2019-03-15,2019-03-18,14.06850808948516
2019-02-14,2019-03-15,2019-03-18,14.508687284433524
2019-02-15,2019-03-15,2019-03-18,13.318167538773023
2019-02-19,2019-03-20,2019-03-22,13.655902658415053
2019-02-20,2019-03-22,2019-03-29,13.16948160985883
2019-02-21,2019-03-22,2019-03-29,13.416993736765587
2019-02-22,2019-03-22,2019-03-25,12.46441638720584
2019-02-25,2019-03-25,2019-03-29,13.17312846172222
2019-02-26,2019-03-27,2019-03-29,13.54032916426461
2019-02-27,2019-03-29,2019-04-05,13.505565188348696
2019-02-28,2019-03-29,2019-04-05,13.604909683582367
2019-03-04,2019-04-01,2019-04-05,13.163012626676442
2019-03-05,2019-04-03,2019-04-05,13.287430537274956
2019-03-06,2019-04-05,2019-04-12,14.308090142437576
2019-03-07,2019-04-05,2019-04-12,15.341359249909681
2019-03-08,2019-04-05,2019-04-08,14.68636804010445
2019-03-11,2019-04-08,2019-04-12,13.091957230635481
2019-03-12,2019-04-10,2019-04-12,12.60652995271668
2019-03-13,2019-04-12,2019-04-18,12.42069185719231
2019-03-14,2019-04-12,2019-04-18,12.322220337465007
2019-03-15,2019-04-12,2019-04-15,11.717812078800586
2019-03-18,2019-04-15,2019-04-18,12.118240814878192
2019-03-19,2019-04-18,2019-04-26,12.557295976994803
2019-03-20,2019-04-18,2019-04-26,12.781545113736753
2019-03-21,2019-04-18,2019-04-26,12.774189652532586
2019-03-22,2019-04-18,2019-04-22,15.559419589635631
2019-03-25,2019-04-22,2019-04-26,15.326501846713292
2019-03-26,2019-04-24,2019-04-26,13.876039875927788
2019-03-27,2019-04-26,2019-04-30,14.456538672453997
2019-03-28,2019-04-26,2019-04-30,13.627107319977991
2019-03-29,2019-04-26,2019-04-29,12.548496795340402
2019-04-01,2019-04-30,2019-05-03,12.251368189586236
2019-04-02,2019-05-01,2019-05-03,12.127616004859412
2019-04-03,2019-05-03,2019-05-10,12.661491150398497
2019-04-04,2019-05-02,2019-05-09,12.657194942653904
2019-04-05,2019-05-05,2019-05-09,11.611174352644447
2019-04-08,2019-05-05,2019-05-09,12.1899889662563
2019-04-09,2019-05-09,2019-05-16,13.258120683241337
2019-04-10,2019-05-09,2019-05-16,12.493836722732125
2019-04-11,2019-05-09,2019-05-16,12.262364522020645
2019-04-12,2019-05-12,2019-05-16,11.175235338263036
2019-04-15,2019-05-12,2019-05-16,11.511696684645921
2019-04-16,2019-05-16,2019-05-17,11.488234231844132
2019-04-18,2019-05-17,2019-05-20,11.249261683858041
2019-04-22,2019-05-20,2019-05-24,11.479062396689157
2019-04-23,2019-05-22,2019-05-24,11.36406684631747
2019-04-24,2019-05-24,2019-05-31,12.117193458747712
2019-04-25,2019-05-24,2019-05-31,12.165681462968074
2019-04-26,2019-05-24,2019-05-28,11.5100456122439
2019-04-29,2019-05-28,2019-05-31,11.706098209974169
2019-04-30,2019-05-29,2019-05-31,11.826068416115888
2019-05-01,2019-05-31,2019-06-07,13.19776576150029
2019-05-02,2019-05-31,2019-06-07,13.3029546791887
2019-05-03,2019-05-31,2019-06-03,11.869246369214528
2019-05-06,2019-06-03,2019-06-07,13.856474568990304
2019-05-07,2019-06-05,2019-06-07,18.30726541195928
2019-05-08,2019-06-07,2019-06-14,18.13740484693011
2019-05-09,2019-06-07,2019-06-14,17.734917411768834
2019-05-10,2019-06-07,2019-06-10,14.942429081505749
2019-05-13,2019-06-10,2019-06-14,18.387401617826356
2019-05-14,2019-06-12,2019-06-14,16.94213826484093
2019-05-15,2019-06-14,2019-06-21,15.529159124113608
2019-05-16,2019-06-14,2019-06-21,14.45467949315708
2019-05-17,2019-06-14,2019-06-17,14.85767757607069
2019-05-20,2019-06-17,2019-06-21,15.324598146068144
2019-05-21,2019-06-19,2019-06-21,14.169219147752415
2019-05-22,2019-06-21,2019-06-28,13.996721654831386
2019-05-23,2019-06-21,2019-06-28,15.846253852127191
2019-05-28,2019-06-26,2019-06-28,16.519060476669694
2019-05-29,2019-06-28,2019-07-03,16.947813875811146
2019-05-30,2019-06-28,2019-07-03,16.637347577883375
2019-05-31,2019-06-28,2019-07-01,17.944535845131
2019-06-03,2019-07-03,2019-07-05,18.283400812897863
2019-06-04,2019-07-03,2019-07-05,16.355465284570055
2019-06-05,2019-07-05,2019-07-08,15.435304421207451
2019-06-06,2019-07-05,2019-07-08,15.054705650201452
2019-06-10,2019-07-10,2019-07-12,15.014884731354458
2019-06-11,2019-07-10,2019-07-12,15.214984705769147
2019-06-12,2019-07-12,2019-07-15,15.162403890055007
2019-06-13,2019-07-12,2019-07-15,15.019014873774324
2019-06-14,2019-07-12,2019-07-15,14.510126057461559
2019-06-17,2019-07-17,2019-07-19,14.668431323290951
2019-06-18,2019-07-17,2019-07-19,14.464288951540889
2019-06-19,2019-07-19,2019-07-22,13.574918117933358
2019-06-20,2019-07-19,2019-07-22,13.759783912280621
2019-06-21,2019-07-19,2019-07-22,14.217992887343256
2019-06-24,2019-07-24,2019-07-26,14.363380822904526
2019-06-25,2019-07-24,2019-07-26,15.282164622419986
2019-06-26,2019-07-26,2019-07-29,15.283242325790964
2019-06-27,2019-07-26,2019-07-29,14.731025243218598
2019-06-28,2019-07-26,2019-07-29,14.384759024679722
2019-07-01,2019-07-31,2019-08-02,13.144325300570728
2019-07-02,2019-07-31,2019-08-02,12.223697111786292
2019-07-03,2019-08-02,2019-08-05,11.891477001733787
2019-07-05,2019-08-02,2019-08-05,12.101911579782522
2019-07-08,2019-08-07,2019-08-09,12.89788487569236
2019-07-09,2019-08-07,2019-08-09,13.11629367733711
2019-07-10,2019-08-09,2019-08-12,12.319196929120176
2019-07-11,2019-08-09,2019-08-12,12.110571730920103
2019-07-12,2019-08-09,2019-08-12,11.396524663149176
2019-07-15,2019-08-14,2019-08-16,11.741578983621306
2019-07-16,2019-08-14,2019-08-16,11.922269406967127
2019-07-17,2019-08-16,2019-08-19,12.64392793745444
2019-07-18,2019-08-16,2019-08-19,12.406899966918639
2019-07-19,2019-08-16,2019-08-19,12.904229384865454
2019-07-22,2019-08-21,2019-08-23,12.381381759922897
2019-07-23,2019-08-21,2019-08-23,11.731908954563654
2019-07-24,2019-08-23,2019-08-26,11.425986045532841
2019-07-25,2019-08-23,2019-08-26,12.024269296637296
2019-07-26,2019-08-23,2019-08-26,11.169941317098774
2019-07-29,2019-08-28,2019-08-30,11.767276122057012
2019-07-30,2019-08-28,2019-08-30,12.786414478989382
2019-07-31,2019-08-30,2019-09-03,14.434015839531005
2019-08-01,2019-08-30,2019-09-03,16.532391961524848
2019-08-02,2019-08-30,2019-09-03,16.76896904494263
2019-08-05,2019-09-04,2019-09-06,21.154466346769798
2019-08-06,2019-09-04,2019-09-06,18.538224393381203
2019-08-07,2019-09-06,2019-09-09,18.023886004094383
2019-08-08,2019-09-06,2019-09-09,15.77097423145144
2019-08-09,2019-09-06,2019-09-09,16.580699036151586
2019-08-12,2019-09-11,2019-09-13,19.04857693457818
2019-08-13,2019-09-11,2019-09-13,16.65864963936055
2019-08-14,2019-09-13,2019-09-16,20.726049280297374
2019-08-15,2019-09-13,2019-09-16,19.810462544547136
2019-08-16,2019-09-13,2019-09-16,17.134510891915372
2019-08-19,2019-09-18,2019-09-20,15.675058212457014
2019-08-20,2019-09-18,2019-09-20,16.48704374607003
2019-08-21,2019-09-20,2019-09-25,15.177026382177228
2019-08-22,2019-09-20,2019-09-25,15.735581567646753
2019-08-23,2019-09-20,2019-09-23,19.23046261210707
2019-08-26,2019-09-25,2019-09-27,18.27986072219098
2019-08-27,2019-09-25,2019-09-27,18.87303459117959
2019-08-28,2019-09-27,2019-09-30,18.2706039681603
2019-08-29,2019-09-27,2019-09-30,16.881944111717207
2019-08-30,2019-09-27,2019-09-30,17.131186670175815
2019-09-03,2019-10-02,2019-10-04,18.23610199049855
2019-09-04,2019-10-04,2019-10-07,16.292356622489486
2019-09-06,2019-10-04,2019-10-07,13.880922009310964
2019-09-09,2019-10-09,2019-10-11,14.037583120477295
2019-09-10,2019-10-09,2019-10-11,14.079399049260227
2019-09-11,2019-10-11,2019-10-14,13.73399280761107
2019-09-12,2019-10-11,2019-10-14,13.332680624893682
2019-09-13,2019-10-11,2019-10-14,12.854879255176696
2019-09-16,2019-10-16,2019-10-18,13.811235901936229
2019-09-17,2019-10-16,2019-10-18,13.570782256721852
2019-09-18,2019-10-18,2019-10-21,13.252817855299826
2019-09-19,2019-10-18,2019-10-21,13.085328552751585
2019-09-20,2019-10-18,2019-10-21,14.154607698465904
2019-09-23,2019-10-23,2019-10-25,14.095688892697822
2019-09-24,2019-10-23,2019-10-25,16.029386234883063
2019-09-25,2019-10-25,2019-10-28,14.94372393347497
2019-09-26,2019-10-25,2019-10-28,15.018879897889526
2019-09-27,2019-10-25,2019-10-28,15.904381847650113
2019-09-30,2019-10-30,2019-10-31,15.423493414401342
2019-10-01,2019-10-31,2019-11-01,17.26265665671025
2019-10-02,2019-11-01,2019-11-04,19.369284984363418
2019-10-03,2019-11-01,2019-11-04,18.172854149276937
2019-10-04,2019-11-01,2019-11-04,15.923781250993557
2019-10-07,2019-11-06,2019-11-08,16.6567025164074
2019-10-08,2019-11-06,2019-11-08,19.07985326598444
2019-10-09,2019-11-08,2019-11-11,17.77086929386053
2019-10-10,2019-11-08,2019-11-11,16.839017154879997
2019-10-11,2019-11-08,2019-11-11,14.984522934105845
2019-10-14,2019-11-13,2019-11-15,14.174820914224465
2019-10-15,2019-11-13,2019-11-15,12.907165980596123
2019-10-16,2019-11-15,2019-11-18,13.05071278744607
2019-10-17,2019-11-15,2019-11-18,13.018620139043602
2019-10-18,2019-11-15,2019-11-18,13.436316812212311
2019-10-21,2019-11-20,2019-11-22,13.256075850362292
2019-10-22,2019-11-20,2019-11-22,13.689317821635887
2019-10-23,2019-11-22,2019-11-25,13.352953037410487
2019-10-24,2019-11-22,2019-11-25,12.799433806548013
2019-10-25,2019-11-22,2019-11-25,12.011606271488628
2019-10-28,2019-11-27,2019-11-29,12.495781091509603
2019-10-29,2019-11-27,2019-11-29,12.638012390928216
2019-10-30,2019-11-29,2019-12-02,11.85977281629793
2019-10-31,2019-11-29,2019-12-02,12.432409845771785
2019-11-01,2019-11-29,2019-12-02,11.497065035531731
2019-11-04,2019-12-04,2019-12-06,11.886123678343578
2019-11-05,2019-12-04,2019-12-06,12.230989628327531
2019-11-06,2019-12-06,2019-12-09,12.12803022151311
2019-11-07,2019-12-06,2019-12-09,12.049851387343425
2019-11-08,2019-12-06,2019-12-09,11.305883437120581
2019-11-11,2019-12-11,2019-12-13,12.098500262571493
2019-11-12,2019-12-11,2019-12-13,12.095888772530166
2019-11-13,2019-12-13,2019-12-16,12.484221171150507
2019-11-14,2019-12-13,2019-12-16,12.3067980895089
2019-11-15,2019-12-13,2019-12-16,11.304167647800753
2019-11-18,2019-12-18,2019-12-20,11.902334482051295
2019-11-19,2019-12-18,2019-12-20,12.073183076851938
2019-11-20,2019-12-20,2019-12-23,12.287478303662798
2019-11-21,2019-12-20,2019-12-23,12.563323089272696
2019-11-22,2019-12-20,2019-12-23,11.937282317177491
2019-11-25,2019-12-24,2019-12-27,11.300220651640295
2019-11-26,2019-12-24,2019-12-27,11.196038436020201
2019-11-27,2019-12-27,2019-12-30,11.179014854358291
2019-11-29,2019-12-27,2019-12-30,11.889230527773789
2019-12-02,2019-12-31,2020-01-03,13.90886672820682
2019-12-03,2019-12-31,2020-01-03,15.06924134097917
2019-12-04,2020-01-03,2020-01-06,14.155470534630865
2019-12-05,2020-01-03,2020-01-06,13.852729550909828
2019-12-06,2020-01-03,2020-01-06,12.640827732136776
2019-12-09,2020-01-08,2020-01-10,14.208944730892606
2019-12-10,2020-01-08,2020-01-10,14.500008745323449
2019-12-11,2020-01-10,2020-01-13,13.961975351004458
2019-12-12,2020-01-10,2020-01-13,12.748734448364562
2019-12-13,2020-01-10,2020-01-13,11.450453656333998
2019-12-16,2020-01-15,2020-01-17,11.20320192303363
2019-12-17,2020-01-15,2020-01-17,11.254512595193745
2019-12-18,2020-01-17,2020-01-21,11.494086920442214
2019-12-19,2020-01-17,2020-01-21,11.172329321009874
2019-12-20,2020-01-17,2020-01-21,11.160291730978821
2019-12-23,2020-01-22,2020-01-24,11.474458724296781
2019-12-24,2020-01-22,2020-01-24,11.528698255751404
2019-12-26,2020-01-24,2020-01-27,11.464567524979273
2019-12-27,2020-01-24,2020-01-27,12.122341381671008
2019-12-30,2020-01-29,2020-01-31,13.741663089769334
2019-12-31,2020-01-29,2020-01-31,12.946696119993497
2020-01-02,2020-01-31,2020-02-03,11.665564188780644
2020-01-03,2020-01-31,2020-02-03,12.988648904468757
2020-01-06,2020-02-05,2020-02-07,12.810157196016233
2020-01-07,2020-02-05,2020-02-07,12.955633204330155
2020-01-08,2020-02-07,2020-02-10,13.021783956826722
2020-01-09,2020-02-07,2020-02-10,11.8146262153111
2020-01-10,2020-02-07,2020-02-10,11.744044945921656
2020-01-13,2020-02-12,2020-02-14,11.589441115764359
2020-01-14,2020-02-12,2020-02-14,11.885768121952525
2020-01-15,2020-02-14,2020-02-18,11.818880162134988
2020-01-16,2020-02-14,2020-02-18,11.499399108753046
2020-01-17,2020-02-14,2020-02-18,11.260882412507069
2020-01-21,2020-02-19,2020-02-21,12.062748438739993
2020-01-22,2020-02-21,2020-02-24,12.094009053616455
2020-01-23,2020-02-21,2020-02-24,12.182601965139085
2020-01-24,2020-02-21,2020-02-24,13.749574856839047
2020-01-27,2020-02-26,2020-02-28,16.45657612932364
2020-01-28,2020-02-26,2020-02-28,15.304238333923802
2020-01-29,2020-02-28,2020-03-02,15.42997822849487
2020-01-30,2020-02-28,2020-03-02,14.6038182853488
2020-01-31,2020-02-28,2020-03-02,16.75387887586843
2020-02-03,2020-03-04,2020-03-06,16.71480712616261
2020-02-04,2020-03-04,2020-03-06,15.128398458818323
2020-02-05,2020-03-06,2020-03-09,14.219280013659302
2020-02-06,2020-03-06,2020-03-09,13.709711016090125
2020-02-07,2020-03-06,2020-03-09,14.233511299856646
2020-02-10,2020-03-11,2020-03-13,13.903562368164849
2020-02-11,2020-03-11,2020-03-13,13.960904548318688
2020-02-12,2020-03-13,2020-03-16,12.851890981370087
2020-02-13,2020-03-13,2020-03-16,13.235566326687973
2020-02-14,2020-03-13,2020-03-16,12.568392858630858
2020-02-18,2020-03-18,2020-03-20,13.429773109942166
2020-02-19,2020-03-20,2020-03-23,13.092390058877978
2020-02-20,2020-03-20,2020-03-23,13.802530237447975
2020-02-21,2020-03-20,2020-03-23,15.53891721629452
2020-02-24,2020-03-25,2020-03-27,21.479992044000664
2020-02-25,2020-03-25,2020-03-27,24.30510162603452
2020-02-26,2020-03-27,2020-03-30,23.747346139565124
2020-02-27,2020-03-27,2020-03-30,31.27391212160937
2020-02-28,2020-03-27,2020-03-30,34.92619557985556
2020-03-02,2020-04-01,2020-04-03,26.656003487737706
2020-03-03,2020-04-01,2020-04-03,31.27740885334766
2020-03-04,2020-04-03,2020-04-06,26.282647927019674
2020-03-05,2020-04-03,2020-04-06,32.27946700568107
2020-03-06,2020-04-03,2020-04-06,33.18343480730398
2020-03-09,2020-04-08,2020-04-09,42.51362475353254
2020-03-10,2020-04-09,2020-04-13,37.54753280801677
2020-03-11,2020-04-09,2020-04-13,41.974876641137506
2020-03-12,2020-04-09,2020-04-13,53.129837596372774
2020-03-13,2020-04-09,2020-04-13,42.880414192200675
2020-03-16,2020-04-15,2020-04-17,58.20969263334778
2020-03-17,2020-04-15,2020-04-17,52.14321607373225
2020-03-18,2020-04-17,2020-04-20,54.396833570030125
2020-03-19,2020-04-17,2020-04-20,51.4984529825479
2020-03-20,2020-04-17,2020-04-20,48.093234997347345
2020-03-23,2020-04-20,2020-04-24,45.68038437702831
2020-03-24,2020-04-22,2020-04-24,44.129662509742346
2020-03-25,2020-04-24,2020-04-30,47.72059892181251
2020-03-26,2020-04-24,2020-04-30,44.77416196653305
2020-03-27,2020-04-24,2020-04-27,46.74945231555746
2020-03-30,2020-04-27,2020-04-30,41.725811844019425
2020-03-31,2020-04-30,2020-05-01,39.907639772562234
2020-04-01,2020-05-01,2020-05-08,43.828337863398886
2020-04-02,2020-05-01,2020-05-08,40.12601156131056
2020-04-03,2020-05-01,2020-05-04,37.804374335069134
2020-04-06,2020-05-04,2020-05-08,35.09286045071027
2020-04-07,2020-05-06,2020-05-08,36.636953766225915
2020-04-08,2020-05-08,2020-05-15,34.97518431279228
2020-04-09,2020-05-08,2020-05-11,33.84527723156656
2020-04-13,2020-05-11,2020-05-15,33.98031796213794
2020-04-14,2020-05-13,2020-05-15,31.439189416667002
2020-04-15,2020-05-15,2020-05-22,33.31379563924418
2020-04-16,2020-05-15,2020-05-22,32.90801297080085
2020-04-17,2020-05-15,2020-05-18,30.931068824819107
2020-04-20,2020-05-18,2020-05-22,34.270184831906164
2020-04-21,2020-05-20,2020-05-22,36.658395814113916
2020-04-22,2020-05-22,2020-05-29,34.056091956368604
2020-04-23,2020-05-22,2020-05-29,33.23605725364931
2020-04-24,2020-05-22,2020-05-26,29.36364495096696
2020-04-27,2020-05-26,2020-05-29,27.264300421230093
2020-04-28,2020-05-27,2020-05-29,28.132200897834313
2020-04-29,2020-05-29,2020-06-05,26.129694422400558
2020-04-30,2020-05-29,2020-06-05,28.018179143571547
2020-05-01,2020-05-29,2020-06-01,30.376223549859162
2020-05-04,2020-06-01,2020-06-05,29.305496340699467
2020-05-05,2020-06-03,2020-06-05,27.843404554450068
2020-05-06,2020-06-05,2020-06-12,28.58843371818558
2020-05-07,2020-06-05,2020-06-12,27.13593258254367
2020-05-08,2020-06-05,2020-06-08,23.804933143907466
2020-05-11,2020-06-08,2020-06-12,23.598789713357405
2020-05-12,2020-06-10,2020-06-12,26.920937809379193
2020-05-13,2020-06-12,2020-06-19,29.482100647204255
2020-05-14,2020-06-12,2020-06-19,27.683783925326296
2020-05-15,2020-06-12,2020-06-15,26.21100452385542
2020-05-18,2020-06-15,2020-06-19,24.582889621671384
2020-05-19,2020-06-17,2020-06-19,25.831345948710233
2020-05-20,2020-06-19,2020-06-26,24.177351738558393
2020-05-21,2020-06-19,2020-06-26,25.000293801239913
2020-05-22,2020-06-19,2020-06-22,24.111428246630705
2020-05-26,2020-06-24,2020-06-26,24.190221407398443
2020-05-27,2020-06-26,2020-06-30,23.48170032702778
2020-05-28,2020-06-26,2020-06-30,24.448757927957658
2020-05-29,2020-06-26,2020-06-29,23.274242441643665
2020-06-01,2020-06-30,2020-07-02,23.82853271611234
2020-06-02,2020-07-02,2020-07-10,22.828575372756006
2020-06-03,2020-07-02,2020-07-10,22.041671283126007
2020-06-04,2020-07-02,2020-07-10,22.20458358111443
2020-06-05,2020-07-02,2020-07-06,20.568442458399037
2020-06-08,2020-07-06,2020-07-10,22.001248494558123
2020-06-09,2020-07-08,2020-07-10,23.57026521647253
2020-06-10,2020-07-10,2020-07-17,23.607875186599774
2020-06-11,2020-07-10,2020-07-17,32.25169378850653
2020-06-12,2020-07-10,2020-07-13,28.983842642209055
2020-06-15,2020-07-13,2020-07-17,28.31097468324873
2020-06-16,2020-07-15,2020-07-17,27.933977076581968
2020-06-17,2020-07-17,2020-07-24,27.638051962445275
2020-06-19,2020-07-17,2020-07-20,27.007250304424858
2020-06-22,2020-07-20,2020-07-24,26.084539520148432
2020-06-23,2020-07-22,2020-07-24,25.902839793215577
2020-06-24,2020-07-24,2020-07-31,28.431318576058217
2020-06-25,2020-07-24,2020-07-31,26.482321553552996
2020-06-26,2020-07-24,2020-07-27,28.401839172511423
2020-06-29,2020-07-27,2020-07-31,26.28829375853875
2020-06-30,2020-07-29,2020-07-31,24.755477957893184
2020-07-01,2020-07-31,2020-08-07,23.971141782705676
2020-07-02,2020-07-31,2020-08-03,23.18012179124689
2020-07-06,2020-08-03,2020-08-07,23.282330440556372
2020-07-07,2020-08-05,2020-08-07,24.689161008292
2020-07-08,2020-08-07,2020-08-14,23.843309397481757
2020-07-09,2020-08-07,2020-08-14,24.746162450491255
2020-07-10,2020-08-07,2020-08-10,23.24554126291507
2020-07-13,2020-08-10,2020-08-14,26.19765901453441
2020-07-14,2020-08-12,2020-08-14,24.479725308175432
2020-07-15,2020-08-14,2020-08-21,23.633617342581505
2020-07-16,2020-08-14,2020-08-21,23.270742824810373
2020-07-17,2020-08-14,2020-08-17,21.61112635830803
2020-07-20,2020-08-17,2020-08-21,20.837933219371614
2020-07-21,2020-08-19,2020-08-21,21.4291564607674
2020-07-22,2020-08-21,2020-08-28,20.571584624894616
2020-07-23,2020-08-21,2020-08-28,21.98216277549372
2020-07-24,2020-08-21,2020-08-24,21.733864583272187
2020-07-27,2020-08-24,2020-08-28,21.01685893287428
2020-07-28,2020-08-26,2020-08-28,21.863871606156586
2020-07-29,2020-08-28,2020-08-31,20.62302779910364
2020-07-30,2020-08-28,2020-08-31,21.482353199489314
2020-07-31,2020-08-28,2020-08-31,20.256050372673528
2020-08-03,2020-08-31,2020-09-04,20.58196593816769
2020-08-04,2020-09-02,2020-09-04,20.226712494950615
2020-08-05,2020-09-04,2020-09-11,19.741439915412034
2020-08-06,2020-09-04,2020-09-11,19.302876608383666
2020-08-07,2020-09-04,2020-09-08,18.85432722902504
2020-08-10,2020-09-08,2020-09-11,18.80459793653986
2020-08-11,2020-09-09,2020-09-11,20.598987877678674
2020-08-12,2020-09-11,2020-09-18,19.065255451311483
2020-08-13,2020-09-11,2020-09-18,19.174044716105136
2020-08-14,2020-09-11,2020-09-14,18.692932192898464
2020-08-17,2020-09-14,2020-09-18,18.50917335358059
2020-08-18,2020-09-16,2020-09-18,18.53897441348597
2020-08-19,2020-09-18,2020-09-25,19.14837314528004
2020-08-20,2020-09-18,2020-09-25,18.887117677634357
2020-08-21,2020-09-18,2020-09-21,18.353712946349702
2020-08-24,2020-09-21,2020-09-25,18.502707773749382
2020-08-25,2020-09-23,2020-09-25,18.469524379561637
2020-08-26,2020-09-25,2020-09-30,19.320855909431998
2020-08-27,2020-09-25,2020-09-30,19.979835227964312
2020-08-28,2020-09-25,2020-09-28,18.64478656882525
2020-08-31,2020-09-30,2020-10-02,21.000245436259014
2020-09-01,2020-09-30,2020-10-02,21.061954376737084
2020-09-02,2020-10-02,2020-10-09,21.864338392534755
2020-09-03,2020-10-02,2020-10-09,26.140100748648344
2020-09-04,2020-10-02,2020-10-05,24.34078743744192
2020-09-08,2020-10-07,2020-10-09,26.141853769074274
2020-09-09,2020-10-09,2020-10-16,24.281905728568116
2020-09-10,2020-10-09,2020-10-16,25.12611980702209
2020-09-11,2020-10-09,2020-10-12,23.047293878569313
2020-09-14,2020-10-12,2020-10-16,22.141972382266733
2020-09-15,2020-10-14,2020-10-16,21.998956892050384
2020-09-16,2020-10-16,2020-10-23,22.137361866079775
2020-09-17,2020-10-16,2020-10-23,22.548218588849785
2020-09-18,2020-10-16,2020-10-19,22.021372846567697
2020-09-21,2020-10-19,2020-10-23,23.562906550387527
2020-09-22,2020-10-21,2020-10-23,22.903233863012055
2020-09-23,2020-10-23,2020-10-30,24.954239975291674
2020-09-24,2020-10-23,2020-10-30,24.638843558714395
2020-09-25,2020-10-23,2020-10-26,22.60586735465025
2020-09-28,2020-10-26,2020-10-30,22.87743945458297
2020-09-29,2020-10-28,2020-10-30,23.404904841319418
2020-09-30,2020-10-30,2020-11-02,23.03905715269853
2020-10-01,2020-10-30,2020-11-02,23.424981584087984
2020-10-02,2020-10-30,2020-11-02,23.499670153544763
2020-10-05,2020-11-04,2020-11-06,24.90785221344126
2020-10-06,2020-11-04,2020-11-06,26.08745692235624
2020-10-07,2020-11-06,2020-11-13,25.195002856213218
2020-10-08,2020-11-06,2020-11-13,23.665306831945962
2020-10-09,2020-11-06,2020-11-09,22.055802904318274
2020-10-12,2020-11-09,2020-11-13,22.05649902903314
2020-10-13,2020-11-11,2020-11-13,22.95885776527523
2020-10-14,2020-11-13,2020-11-20,23.405345291496197
2020-10-15,2020-11-13,2020-11-20,23.793482673664553
2020-10-16,2020-11-13,2020-11-16,23.64952947901378
2020-10-19,2020-11-16,2020-11-20,25.384073293499466
2020-10-20,2020-11-18,2020-11-20,25.523019228648113
2020-10-21,2020-11-20,2020-11-27,25.109468804109092
2020-10-22,2020-11-20,2020-11-27,24.4929885242917
2020-10-23,2020-11-20,2020-11-23,23.949374876648758
2020-10-26,2020-11-23,2020-11-27,27.781833074426054
2020-10-27,2020-11-25,2020-11-27,27.90240062396836
2020-10-28,2020-11-27,2020-11-30,32.908901949021896
2020-10-29,2020-11-27,2020-11-30,30.08177966930322
2020-10-30,2020-11-27,2020-11-30,30.985395987185548
2020-11-02,2020-11-30,2020-12-04,30.062412612989043
2020-11-03,2020-12-02,2020-12-04,28.381086869514967
2020-11-04,2020-12-04,2020-12-11,25.226081499323293
2020-11-05,2020-12-04,2020-12-11,24.044802572702856
2020-11-06,2020-12-04,2020-12-07,21.694849061126583
2020-11-09,2020-12-07,2020-12-11,22.0390875404369
2020-11-10,2020-12-09,2020-12-11,21.788502282641993
2020-11-11,2020-12-11,2020-12-18,20.654348805064412
2020-11-12,2020-12-11,2020-12-18,22.06811685422939
2020-11-13,2020-12-11,2020-12-14,20.017365441730767
2020-11-16,2020-12-14,2020-12-18,19.735999749860518
2020-11-17,2020-12-16,2020-12-18,20.13201527913005
2020-11-18,2020-12-18,2020-12-24,20.451050783753608
2020-11-19,2020-12-18,2020-12-24,19.953548765311517
2020-11-20,2020-12-18,2020-12-21,20.398745495515673
2020-11-23,2020-12-21,2020-12-24,19.744631114014133
2020-11-24,2020-12-24,2020-12-31,19.051475507267554
2020-11-25,2020-12-24,2020-12-31,18.67449825296755
2020-11-30,2020-12-28,2020-12-31,18.443528583146556
2020-12-01,2020-12-31,2021-01-08,18.533375988042398
2020-12-02,2020-12-31,2021-01-08,18.674206079417978
2020-12-03,2020-12-31,2021-01-08,19.065090178964653
2020-12-04,2020-12-31,2021-01-04,17.44558982542642
2020-12-07,2021-01-04,2021-01-08,18.31751076854049
2020-12-08,2021-01-06,2021-01-08,18.29315051791785
2020-12-09,2021-01-08,2021-01-15,19.268623725974763
2020-12-10,2021-01-08,2021-01-15,19.510657414585893
2020-12-11,2021-01-08,2021-01-11,20.02338165767937
2020-12-14,2021-01-11,2021-01-15,20.698778875562677
2020-12-15,2021-01-13,2021-01-15,19.508567269044992
2020-12-16,2021-01-15,2021-01-22,19.084754263233542
2020-12-17,2021-01-15,2021-01-22,18.52898852462926
2020-12-18,2021-01-15,2021-01-19,18.417030110596517
2020-12-21,2021-01-19,2021-01-22,20.601659902300547
2020-12-22,2021-01-20,2021-01-22,20.26719714279296
2020-12-23,2021-01-22,2021-01-29,19.23740606027332
2020-12-28,2021-01-25,2021-01-29,18.356073570144883
2020-12-29,2021-01-27,2021-01-29,19.60691321878447
2020-12-30,2021-01-29,2021-02-05,19.31744271626865
2020-12-31,2021-01-29,2021-02-01,19.014111160354116
2021-01-04,2021-02-01,2021-02-05,21.92105250094747
2021-01-05,2021-02-03,2021-02-05,20.884231581519046
2021-01-06,2021-02-05,2021-02-12,21.35746593603599
2021-01-07,2021-02-05,2021-02-12,19.025221274980296
2021-01-08,2021-02-05,2021-02-08,18.41434859761159
2021-01-11,2021-02-08,2021-02-12,20.670440557519385
2021-01-12,2021-02-10,2021-02-12,19.826945955420083
2021-01-13,2021-02-12,2021-02-19,19.14870458863404
2021-01-14,2021-02-12,2021-02-19,19.859274187650954
2021-01-15,2021-02-12,2021-02-16,20.152444530502024
2021-01-19,2021-02-17,2021-02-19,19.530122374148657
2021-01-20,2021-02-19,2021-02-26,18.318096032924284
2021-01-21,2021-02-19,2021-02-26,18.20314890136045
2021-01-22,2021-02-19,2021-02-22,18.14710066235464
2021-01-25,2021-02-22,2021-02-26,19.46316370684823
2021-01-26,2021-02-24,2021-02-26,19.90226628095522
2021-01-27,2021-02-26,2021-03-05,25.883407696525634
2021-01-28,2021-02-26,2021-03-05,23.879342034460038
2021-01-29,2021-02-26,2021-03-01,25.5068063284546
2021-02-01,2021-03-01,2021-03-05,23.47321476475528
2021-02-02,2021-03-03,2021-03-05,21.36156533911785
2021-02-03,2021-03-05,2021-03-12,20.158620978790193
2021-02-04,2021-03-05,2021-03-12,18.78543107528331
2021-02-05,2021-03-05,2021-03-08,18.02932235842048
2021-02-08,2021-03-08,2021-03-12,18.26398820095284
2021-02-09,2021-03-10,2021-03-12,18.580388342819926
2021-02-10,2021-03-12,2021-03-19,19.051812588862813
2021-02-11,2021-03-12,2021-03-19,18.461458905153574
2021-02-12,2021-03-12,2021-03-15,17.28551215277818
2021-02-16,2021-03-17,2021-03-19,18.25406874568645
2021-02-17,2021-03-19,2021-03-26,18.15157324236054
2021-02-18,2021-03-19,2021-03-26,19.048707409397394
2021-02-19,2021-03-19,2021-03-22,18.55223992420838
2021-02-22,2021-03-22,2021-03-26,20.11076229530591
2021-02-23,2021-03-24,2021-03-26,19.85660974451649
2021-02-24,2021-03-26,2021-03-31,18.61527629268761
2021-02-25,2021-03-26,2021-03-31,24.022620426907256
2021-03-01,2021-03-31,2021-04-01,19.418424967743057
2021-03-02,2021-04-01,2021-04-09,20.4645634124115
2021-03-03,2021-04-01,2021-04-09,22.131026488878813
2021-03-04,2021-04-01,2021-04-09,23.92639781427837
2021-03-05,2021-04-01,2021-04-05,20.50877835763119
2021-03-08,2021-04-05,2021-04-09,22.003124673540768
2021-03-09,2021-04-07,2021-04-09,20.41137567513471
2021-03-10,2021-04-09,2021-04-16,19.57372218743498
2021-03-11,2021-04-09,2021-04-16,18.726532338462253
2021-03-12,2021-04-09,2021-04-12,17.74221713256141
2021-03-15,2021-04-12,2021-04-16,17.130104900795974
2021-03-16,2021-04-14,2021-04-16,17.355557814127305
2021-03-17,2021-04-16,2021-04-23,16.70400804602528
2021-03-18,2021-04-16,2021-04-23,18.380427155881915
2021-03-19,2021-04-16,2021-04-19,17.715104504101635
2021-03-22,2021-04-19,2021-04-23,16.427869900230334
2021-03-23,2021-04-21,2021-04-23,17.700998594237323
2021-03-24,2021-04-23,2021-04-30,18.232141154606182
2021-03-25,2021-04-23,2021-04-30,17.390287704697847
2021-03-26,2021-04-23,2021-04-26,16.065363586175135
2021-03-29,2021-04-26,2021-04-30,17.77218473796247
2021-03-30,2021-04-28,2021-04-30,17.059423588034107
2021-03-31,2021-04-30,2021-05-07,16.76449938648605
2021-04-01,2021-04-30,2021-05-03,15.374714310724391
2021-04-05,2021-05-03,2021-05-07,15.75469327122595
2021-04-06,2021-05-05,2021-05-07,15.904611933117248
2021-04-07,2021-05-07,2021-05-14,15.334415801748108
2021-04-08,2021-05-07,2021-05-14,15.236109115320723
2021-04-09,2021-05-07,2021-05-10,14.830555401404553
2021-04-12,2021-05-10,2021-05-14,15.141406432187976
2021-04-13,2021-05-12,2021-05-14,15.028949082795398
2021-04-14,2021-05-14,2021-05-21,15.385489485044435
2021-04-15,2021-05-14,2021-05-21,14.75143158737677
2021-04-16,2021-05-14,2021-05-17,14.426983226958637
2021-04-19,2021-05-17,2021-05-21,15.516126705977621
2021-04-20,2021-05-19,2021-05-21,16.6110818325238
2021-04-21,2021-05-21,2021-05-28,15.376649336684356
2021-04-22,2021-05-21,2021-05-28,16.68135566346318
2021-04-23,2021-05-21,2021-05-24,15.172555374332106
2021-04-26,2021-05-24,2021-05-28,15.83570924251371
2021-04-27,2021-05-26,2021-05-28,15.829370266352635
2021-04-28,2021-05-28,2021-06-04,15.719355395339518
2021-04-29,2021-05-28,2021-06-04,15.656304751808056
2021-04-30,2021-05-28,2021-06-01,16.279633606340692
2021-05-03,2021-06-01,2021-06-04,15.866615079713078
2021-05-04,2021-06-02,2021-06-04,16.97037572744604
2021-05-05,2021-06-04,2021-06-11,16.818665466765786
2021-05-06,2021-06-04,2021-06-11,16.031883975219113
2021-05-07,2021-06-04,2021-06-07,14.737002168800375
2021-05-10,2021-06-07,2021-06-11,16.79994386469599
2021-05-11,2021-06-09,2021-06-11,18.583073745125876
2021-05-12,2021-06-11,2021-06-18,22.657598638498982
2021-05-13,2021-06-11,2021-06-18,19.869573952497724
2021-05-14,2021-06-11,2021-06-14,16.487996487136922
2021-05-17,2021-06-14,2021-06-18,17.371686883837604
2021-05-18,2021-06-16,2021-06-18,18.458220726391243
2021-05-19,2021-06-18,2021-06-25,18.648788899731926
2021-05-20,2021-06-18,2021-06-25,17.696367293648223
2021-05-21,2021-06-18,2021-06-21,17.30162991032219
2021-05-24,2021-06-21,2021-06-25,15.911612853510695
2021-05-25,2021-06-23,2021-06-25,16.283107044218468
2021-05-26,2021-06-25,2021-06-30,15.289292475622826
2021-05-27,2021-06-25,2021-06-30,14.671729198281714
2021-05-28,2021-06-25,2021-06-28,14.312846103284532
2021-06-01,2021-06-30,2021-07-02,15.526245012204862
2021-06-02,2021-07-02,2021-07-07,15.041126991541894
2021-06-03,2021-07-02,2021-07-07,15.633824540735763
2021-06-04,2021-07-02,2021-07-06,14.150785090454487
2021-06-07,2021-07-07,2021-07-09,13.993893812334127
2021-06-08,2021-07-07,2021-07-09,14.514767277475482
2021-06-09,2021-07-09,2021-07-16,15.428870087109022
2021-06-10,2021-07-09,2021-07-16,13.764251169759406
2021-06-11,2021-07-09,2021-07-12,13.235959878095976
2021-06-14,2021-07-12,2021-07-16,13.644248698446896
2021-06-15,2021-07-14,2021-07-16,14.247571165665866
2021-06-16,2021-07-16,2021-07-23,15.015534324973181
2021-06-17,2021-07-16,2021-07-21,14.597036879575404
2021-06-18,2021-07-16,2021-07-21,17.20412617947481
2021-06-21,2021-07-21,2021-07-23,14.888428638440057
2021-06-22,2021-07-21,2021-07-23,14.065997903893447
2021-06-23,2021-07-23,2021-07-30,14.06122672372369
2021-06-24,2021-07-23,2021-07-30,13.659569483192053
2021-06-25,2021-07-23,2021-07-26,12.701064085263237
2021-06-28,2021-07-28,2021-07-30,13.256755310910167
2021-06-29,2021-07-28,2021-07-30,13.639688271134048
2021-06-30,2021-07-30,2021-08-06,13.47631203590248
2021-07-01,2021-07-30,2021-08-06,13.234748454130047
2021-07-02,2021-07-30,2021-08-02,12.717857107324892
2021-07-06,2021-08-04,2021-08-06,13.875868374549752
2021-07-07,2021-08-06,2021-08-13,13.928301766664239
2021-07-08,2021-08-06,2021-08-13,15.897120142712836
2021-07-09,2021-08-06,2021-08-09,13.667173088120016
2021-07-12,2021-08-09,2021-08-13,13.785725528096268
2021-07-13,2021-08-11,2021-08-13,14.713056853790702
2021-07-14,2021-08-13,2021-08-20,14.221196635119892
2021-07-15,2021-08-13,2021-08-20,14.664763654748633
2021-07-16,2021-08-13,2021-08-16,15.642087079013642
2021-07-19,2021-08-16,2021-08-20,18.580120445002336
2021-07-20,2021-08-18,2021-08-20,16.697437404699148
2021-07-21,2021-08-20,2021-08-27,15.174347272420114
2021-07-22,2021-08-20,2021-08-27,15.160466433259053
2021-07-23,2021-08-20,2021-08-23,14.204929067602773
2021-07-26,2021-08-23,2021-08-27,14.830091069242792
2021-07-27,2021-08-25,2021-08-27,15.851939312664062
2021-07-28,2021-08-27,2021-08-31,15.49644903480515
2021-07-29,2021-08-27,2021-08-31,14.881431232707943
2021-07-30,2021-08-27,2021-08-30,15.370233437206938
2021-08-02,2021-08-31,2021-09-03,16.483085634232232
2021-08-03,2021-09-01,2021-09-03,15.155745040084007
2021-08-04,2021-09-03,2021-09-10,15.58162435374303
2021-08-05,2021-09-03,2021-09-10,14.910479483012761
2021-08-06,2021-09-03,2021-09-07,13.971148175053782
2021-08-10,2021-09-08,2021-09-10,14.333864920749237
2021-08-11,2021-09-10,2021-09-17,13.968707659062545
2021-08-12,2021-09-10,2021-09-17,13.599720031030756
2021-08-13,2021-09-10,2021-09-13,13.002702417719009
2021-08-16,2021-09-13,2021-09-17,13.60972901821016
2021-08-17,2021-09-15,2021-09-17,14.924177884357201
2021-08-18,2021-09-17,2021-09-24,17.57025978867695
2021-08-19,2021-09-17,2021-09-24,17.791108638072693
2021-08-20,2021-09-17,2021-09-20,15.317969422084099
2021-08-23,2021-09-20,2021-09-24,14.37093971913749
2021-08-24,2021-09-22,2021-09-24,14.499753122982773
2021-08-25,2021-09-24,2021-09-30,14.08056425373769
2021-08-26,2021-09-24,2021-09-30,15.68179818030608
2021-08-27,2021-09-24,2021-09-27,13.509076369264811
2021-08-30,2021-09-27,2021-09-30,13.610649083662594
2021-09-01,2021-10-01,2021-10-08,13.852234080852247
2021-09-02,2021-10-01,2021-10-08,13.867140598295732
2021-09-03,2021-10-01,2021-10-04,13.46434508308842
2021-09-08,2021-10-08,2021-10-15,14.959917884576852
2021-09-10,2021-10-08,2021-10-11,17.195050776956393
2021-09-13,2021-10-11,2021-10-15,16.31372612193835
2021-09-14,2021-10-13,2021-10-15,16.74806592705945
2021-09-16,2021-10-15,2021-10-22,15.655633519605711
2021-09-17,2021-10-15,2021-10-18,17.184044445715315
2021-09-20,2021-10-18,2021-10-22,20.628621438419152
2021-09-21,2021-10-20,2021-10-22,20.229984207353525
2021-09-22,2021-10-22,2021-10-29,18.04797552346856
2021-09-23,2021-10-22,2021-10-29,16.168968727982396
2021-09-24,2021-10-22,2021-10-25,15.268910738217276
2021-09-27,2021-10-25,2021-10-29,16.054859271262604
2021-09-28,2021-10-27,2021-10-29,20.001113116702598
2021-09-29,2021-10-29,2021-11-05,19.899786504582426
2021-09-30,2021-10-29,2021-11-05,20.644609324669375
2021-10-01,2021-10-29,2021-11-01,18.70357859469721
2021-10-04,2021-11-01,2021-11-05,20.25733639590049
2021-10-05,2021-11-03,2021-11-05,19.10770174537936
2021-10-06,2021-11-05,2021-11-12,18.818841103210072
2021-10-07,2021-11-05,2021-11-12,17.573967549045772
2021-10-08,2021-11-05,2021-11-08,16.720012476863378
2021-10-11,2021-11-08,2021-11-12,17.8016309134404
2021-10-12,2021-11-10,2021-11-12,17.513454288224228
2021-10-13,2021-11-12,2021-11-19,16.76535128200766
2021-10-14,2021-11-12,2021-11-19,15.020011997203989
2021-10-15,2021-11-12,2021-11-15,14.303793592933816
2021-10-18,2021-11-15,2021-11-19,14.394012312925716
2021-10-19,2021-11-17,2021-11-19,13.99039509575929
2021-10-20,2021-11-19,2021-11-26,13.857692770757088
2021-10-21,2021-11-19,2021-11-26,13.435996235871722
2021-10-22,2021-11-19,2021-11-22,13.745347876386536
2021-10-25,2021-11-22,2021-11-26,13.572234133778258
2021-10-26,2021-11-24,2021-11-26,14.291505273692383
2021-10-27,2021-11-26,2021-11-30,15.210505982435151
2021-10-28,2021-11-26,2021-11-30,14.271595390701847
2021-10-29,2021-11-26,2021-11-29,14.101904576007943
2021-11-01,2021-11-30,2021-12-03,14.248028260961036
2021-11-02,2021-12-01,2021-12-03,14.058021062060885
2021-11-03,2021-12-03,2021-12-10,13.479770011229533
2021-11-04,2021-12-03,2021-12-10,13.468093545854806
2021-11-05,2021-12-03,2021-12-06,13.93549226772037
2021-11-08,2021-12-06,2021-12-10,14.496178951283916
2021-11-09,2021-12-08,2021-12-10,15.192486651932361
2021-11-10,2021-12-10,2021-12-17,16.04560649602031
2021-11-11,2021-12-10,2021-12-17,15.49102474946635
2021-11-12,2021-12-10,2021-12-13,14.114600774088744
2021-11-15,2021-12-13,2021-12-17,14.496042569590733
2021-11-16,2021-12-15,2021-12-17,14.572202347089688
2021-11-17,2021-12-17,2021-12-23,14.997124594759775
2021-11-18,2021-12-17,2021-12-23,15.1537193627144
2021-11-19,2021-12-17,2021-12-20,15.290687785996463
2021-11-22,2021-12-20,2021-12-23,16.584124797045067
2021-11-23,2021-12-23,2021-12-31,16.223705278619153
2021-11-24,2021-12-23,2021-12-31,15.88987059239588
2021-11-26,2021-12-23,2021-12-27,22.665572612234307
2021-11-29,2021-12-27,2021-12-31,18.479451494550524
2021-11-30,2021-12-29,2021-12-31,21.872762566255876
2021-12-01,2021-12-31,2022-01-07,24.759157846840754
2021-12-02,2021-12-31,2022-01-07,22.259970008047546
2021-12-03,2021-12-31,2022-01-03,23.355483090023906
2021-12-06,2022-01-03,2022-01-07,21.34410616335554
2021-12-07,2022-01-05,2022-01-07,18.2273871409701
2021-12-08,2022-01-07,2022-01-14,16.920721205850185
2021-12-09,2022-01-07,2022-01-14,18.032500671624735
2021-12-10,2022-01-07,2022-01-10,15.793305332747032
2021-12-13,2022-01-10,2022-01-14,17.49982125681228
2021-12-14,2022-01-12,2022-01-14,18.78137663566225
2021-12-15,2022-01-14,2022-01-21,16.708668251935123
2021-12-16,2022-01-14,2022-01-21,18.042784151301472
2021-12-17,2022-01-14,2022-01-18,18.80366626451972
2021-12-20,2022-01-18,2022-01-21,20.002689590823895
2021-12-21,2022-01-19,2022-01-21,18.233292913954
2021-12-22,2022-01-21,2022-01-28,16.315844393322035
2021-12-23,2022-01-21,2022-01-24,15.437513996563476
2021-12-27,2022-01-24,2022-01-28,14.983792389577033
2021-12-28,2022-01-26,2022-01-28,15.199699543710413
2021-12-29,2022-01-28,2022-01-31,14.684845108897242
2021-12-30,2022-01-28,2022-01-31,14.90093835229174
2021-12-31,2022-01-28,2022-01-31,14.757452566686021
2022-01-03,2022-01-31,2022-02-04,14.176410599287495
2022-01-04,2022-02-02,2022-02-04,14.500387976763452
2022-01-05,2022-02-04,2022-02-11,17.280313034405832
2022-01-06,2022-02-04,2022-02-11,17.26660725779505
2022-01-07,2022-02-04,2022-02-07,16.468937060507685
2022-01-10,2022-02-07,2022-02-11,16.83200426057773
2022-01-11,2022-02-09,2022-02-11,16.256655434885158
2022-01-12,2022-02-11,2022-02-18,15.960618674007273
2022-01-13,2022-02-11,2022-02-18,18.07355632545058
2022-01-14,2022-02-11,2022-02-14,17.23076533554563
2022-01-18,2022-02-16,2022-02-18,20.337572398957345
2022-01-19,2022-02-18,2022-02-25,20.82049833409384
2022-01-20,2022-02-18,2022-02-25,21.90822785202364
2022-01-21,2022-02-18,2022-02-22,24.320613286767625
2022-01-24,2022-02-22,2022-02-25,24.64896067036975
2022-01-25,2022-02-23,2022-02-25,25.982526127382123
2022-01-26,2022-02-25,2022-02-28,25.73148037412197
2022-01-27,2022-02-25,2022-02-28,25.88523008558323
2022-01-28,2022-02-25,2022-02-28,23.060781107378663
2022-01-31,2022-02-28,2022-03-04,21.14953965187337
2022-02-01,2022-03-02,2022-03-04,19.34248395663724
2022-02-02,2022-03-04,2022-03-11,18.480442803143458
2022-02-03,2022-03-04,2022-03-11,22.266848551681136
2022-02-04,2022-03-04,2022-03-07,20.195333930683315
2022-02-07,2022-03-07,2022-03-11,20.432414015487694
2022-02-08,2022-03-09,2022-03-11,19.25949082757175
2022-02-09,2022-03-11,2022-03-18,18.081014419380423
2022-02-10,2022-03-11,2022-03-18,21.067117363271624
2022-02-11,2022-03-11,2022-03-14,23.676558014272203
2022-02-14,2022-03-14,2022-03-18,24.076862765374145
2022-02-15,2022-03-14,2022-03-18,21.730450249615014
2022-02-16,2022-03-18,2022-03-25,21.07260300800884
2022-02-17,2022-03-18,2022-03-25,23.901452622990266
2022-02-18,2022-03-18,2022-03-21,23.598290975685778
2022-02-22,2022-03-23,2022-03-25,25.26352987779858
2022-02-23,2022-03-25,2022-03-31,26.386816152530933
2022-02-24,2022-03-25,2022-03-31,25.21290547329032
2022-02-25,2022-03-25,2022-03-28,23.683770193443436
2022-02-28,2022-03-28,2022-03-31,24.92800992153677
2022-03-01,2022-03-31,2022-04-01,27.873946002384304
2022-03-02,2022-04-01,2022-04-08,25.51992067462819
2022-03-03,2022-04-01,2022-04-08,25.863618281477518
2022-03-04,2022-04-01,2022-04-04,26.303976478745756
2022-03-07,2022-04-04,2022-04-08,29.05994616382273
2022-03-08,2022-04-06,2022-04-08,28.522939121011177
2022-03-09,2022-04-08,2022-04-14,26.990333224227165
2022-03-10,2022-04-08,2022-04-14,26.06458456715349
2022-03-11,2022-04-08,2022-04-11,26.35876509721798
2022-03-14,2022-04-11,2022-04-14,26.953924668540637
2022-03-15,2022-04-14,2022-04-22,25.49273878448524
2022-03-16,2022-04-14,2022-04-22,22.860971207906733
2022-03-17,2022-04-14,2022-04-22,21.81007808530648
2022-03-18,2022-04-14,2022-04-18,20.44256303206026
2022-03-21,2022-04-18,2022-04-22,20.376049806153105
2022-03-22,2022-04-20,2022-04-22,19.562949789525966
2022-03-23,2022-04-22,2022-04-29,20.39916627943031
2022-03-24,2022-04-22,2022-04-29,18.92163824365912
2022-03-25,2022-04-22,2022-04-25,18.043155898858522
2022-03-28,2022-04-25,2022-04-29,17.046934174734744
2022-03-29,2022-04-27,2022-04-29,16.745979919959503
2022-03-30,2022-04-29,2022-05-06,17.472163181141397
2022-03-31,2022-04-29,2022-05-06,18.929110963721744
2022-04-01,2022-04-29,2022-05-02,16.80080702280298
2022-04-04,2022-05-02,2022-05-06,16.073401733663115
2022-04-05,2022-05-04,2022-05-06,18.520006058591328
2022-04-06,2022-05-06,2022-05-13,19.28781598112287
2022-04-07,2022-05-06,2022-05-13,18.999016979148276
2022-04-08,2022-05-06,2022-05-09,18.5926187679347
2022-04-11,2022-05-09,2022-05-13,20.97394253212885
2022-04-12,2022-05-11,2022-05-13,21.093499561830516
2022-04-13,2022-05-13,2022-05-20,19.07437002983413
2022-04-14,2022-05-13,2022-05-16,19.841928488167028
2022-04-18,2022-05-16,2022-05-20,19.77302801341183
2022-04-19,2022-05-18,2022-05-20,18.612689838628132
2022-04-20,2022-05-20,2022-05-27,18.518316108077784
2022-04-21,2022-05-20,2022-05-27,20.211795599753827
2022-04-22,2022-05-20,2022-05-23,23.61940379631694
2022-04-25,2022-05-23,2022-05-27,23.270674040385543
2022-04-26,2022-05-25,2022-05-27,26.69848979345121
2022-04-27,2022-05-27,2022-05-31,26.18386639766103
2022-04-28,2022-05-27,2022-05-31,24.260150374224505
2022-04-29,2022-05-27,2022-05-31,27.48516003892047
2022-05-02,2022-05-31,2022-06-03,26.477273814008157
2022-05-03,2022-06-01,2022-06-03,25.16541834242616
2022-05-04,2022-06-03,2022-06-10,22.32675748827562
2022-05-05,2022-06-03,2022-06-10,26.817405178576013
2022-05-06,2022-06-03,2022-06-06,25.552728159507065
2022-05-09,2022-06-06,2022-06-10,29.19333087319011
2022-05-10,2022-06-08,2022-06-10,28.12042580064616
2022-05-12,2022-06-10,2022-06-17,28.03389134324567
2022-05-13,2022-06-10,2022-06-13,25.538801570140475
2022-05-16,2022-06-13,2022-06-17,24.758956627277577
2022-05-17,2022-06-15,2022-06-17,23.93143112181828
2022-05-18,2022-06-17,2022-06-24,26.87440862456848
2022-05-19,2022-06-17,2022-06-24,25.8970240827431
2022-05-20,2022-06-17,2022-06-21,25.793396366472194
2022-05-23,2022-06-21,2022-06-24,25.232398482484975
2022-05-24,2022-06-22,2022-06-24,26.32979084492974
2022-05-25,2022-06-24,2022-06-30,25.584269764834428
2022-05-26,2022-06-24,2022-06-30,24.521114970048313
2022-05-27,2022-06-24,2022-06-27,22.98775744928768
2022-05-30,2022-06-27,2022-06-30,24.00863552260736
2022-05-31,2022-06-30,2022-07-01,23.94070009086078
2022-06-01,2022-07-01,2022-07-08,23.589515866352258
2022-06-02,2022-07-01,2022-07-08,22.459694964151296
2022-06-03,2022-07-01,2022-07-05,22.809116166334658
2022-06-06,2022-07-05,2022-07-08,22.436689259057477
2022-06-07,2022-07-06,2022-07-08,21.990172805193843
2022-06-08,2022-07-08,2022-07-15,22.171373836014254
2022-06-09,2022-07-08,2022-07-15,23.897962994987086
2022-06-10,2022-07-08,2022-07-11,24.804579266356594
2022-06-13,2022-07-11,2022-07-15,29.114935925475926
2022-06-14,2022-07-13,2022-07-15,27.877042535719056
2022-06-15,2022-07-15,2022-07-22,26.18838629945726
2022-06-16,2022-07-15,2022-07-22,28.18851929277703
2022-06-20,2022-07-20,2022-07-22,26.9981415658406
2022-06-21,2022-07-20,2022-07-22,26.43199776929069
2022-06-22,2022-07-22,2022-07-29,25.931331377577592
2022-06-23,2022-07-22,2022-07-29,25.700582768986568
2022-06-27,2022-07-25,2022-07-29,24.0695211299285
2022-06-28,2022-07-27,2022-07-29,25.4464271458528
2022-06-29,2022-07-29,2022-08-05,25.391900782792447
2022-06-30,2022-07-29,2022-08-05,25.75090375807988
2022-07-01,2022-07-29,2022-08-01,24.43656589913548
2022-07-04,2022-08-01,2022-08-05,25.051101015942105
2022-07-05,2022-08-03,2022-08-05,25.211283205804847
2022-07-06,2022-08-05,2022-08-12,24.64787103442093
2022-07-07,2022-08-05,2022-08-12,23.759664081762335
2022-07-08,2022-08-05,2022-08-08,22.57397941399007
2022-07-11,2022-08-08,2022-08-12,23.88713465718217
2022-07-12,2022-08-10,2022-08-12,24.62879757729901
2022-07-13,2022-08-12,2022-08-19,24.252350084515875
2022-07-14,2022-08-12,2022-08-19,23.972293576181606
2022-07-15,2022-08-12,2022-08-15,22.08411161235805
2022-07-18,2022-08-15,2022-08-19,23.043613607491526
2022-07-19,2022-08-17,2022-08-19,22.634051154924027
2022-07-20,2022-08-19,2022-08-26,22.035842762520897
2022-07-21,2022-08-19,2022-08-26,21.16037143863597
2022-07-22,2022-08-19,2022-08-22,20.83163661262257
2022-07-25,2022-08-22,2022-08-26,21.270674349711793
2022-07-26,2022-08-24,2022-08-26,22.723671562110738
2022-07-27,2022-08-26,2022-08-31,21.26871758698995
2022-07-28,2022-08-26,2022-08-31,20.538156528825688
2022-07-29,2022-08-26,2022-08-29,19.566222394978645
2022-08-01,2022-08-31,2022-09-02,20.717551988838196
2022-08-02,2022-08-31,2022-09-02,21.707286888708794
2022-08-03,2022-09-02,2022-09-09,20.2838371233401
2022-08-04,2022-09-02,2022-09-09,19.99518919545801
2022-08-05,2022-09-02,2022-09-06,19.060880216346902
2022-08-08,2022-09-06,2022-09-09,19.32717656266208
2022-08-09,2022-09-07,2022-09-09,19.846868934583366
2022-08-10,2022-09-09,2022-09-16,18.302071534433388
2022-08-11,2022-09-09,2022-09-16,18.45264615638589
2022-08-12,2022-09-09,2022-09-12,17.42008930026681
2022-08-15,2022-09-12,2022-09-16,17.891199640210573
2022-08-16,2022-09-14,2022-09-16,18.01501072231092
2022-08-17,2022-09-16,2022-09-23,18.457319652282518
2022-08-18,2022-09-16,2022-09-23,17.96152835554597
2022-08-19,2022-09-16,2022-09-19,18.218332585304843
2022-08-22,2022-09-19,2022-09-23,21.331382770562033
2022-08-23,2022-09-21,2022-09-23,21.60668962957041
2022-08-24,2022-09-23,2022-09-30,20.95312382365588
2022-08-25,2022-09-23,2022-09-30,19.99500416276397
2022-08-26,2022-09-23,2022-09-26,22.440369085876306
2022-08-29,2022-09-26,2022-09-30,23.294965405449826
2022-08-30,2022-09-28,2022-09-30,23.722326595909095
2022-08-31,2022-09-30,2022-10-07,23.54968422881694
2022-09-01,2022-09-30,2022-10-07,22.93630080628998
2022-09-02,2022-09-30,2022-10-03,23.184057024598335
2022-09-05,2022-10-03,2022-10-07,23.504918760336864
2022-09-06,2022-10-05,2022-10-07,24.08233775996404
2022-09-07,2022-10-07,2022-10-14,22.599181075771067
2022-09-08,2022-10-07,2022-10-14,21.76100968094892
2022-09-09,2022-10-07,2022-10-10,20.800110771549104
2022-09-12,2022-10-10,2022-10-14,21.94908545505094
2022-09-13,2022-10-12,2022-10-14,24.126079711991174
2022-09-14,2022-10-14,2022-10-21,23.775281753953934
2022-09-15,2022-10-14,2022-10-21,23.934837668638174
2022-09-16,2022-10-14,2022-10-17,23.822240848142247
2022-09-19,2022-10-18,2022-10-21,23.607244485076333
2022-09-20,2022-10-19,2022-10-21,24.86557479966029
2022-09-21,2022-10-21,2022-10-28,25.545378911687227
2022-09-22,2022-10-21,2022-10-28,24.840045201901997
2022-09-23,2022-10-21,2022-10-24,26.32296049383274
2022-09-26,2022-10-25,2022-10-28,28.1848262849177
2022-09-27,2022-10-26,2022-10-28,28.513207692921057
2022-09-28,2022-10-28,2022-10-31,26.840083032884426
2022-09-29,2022-10-28,2022-10-31,27.51950403751316
2022-09-30,2022-10-28,2022-10-31,27.377672898436277
2022-10-03,2022-11-02,2022-11-04,26.227178253923473
2022-10-04,2022-11-03,2022-11-04,25.685291111363828
2022-10-05,2022-11-04,2022-11-11,25.663899593816925
2022-10-06,2022-11-04,2022-11-07,26.605701068069003
2022-10-07,2022-11-04,2022-11-07,26.975245584699913
2022-10-10,2022-11-09,2022-11-11,27.900861372902387
2022-10-11,2022-11-10,2022-11-11,29.459484926178682
2022-10-12,2022-11-11,2022-11-18,29.424013759140376
2022-10-13,2022-11-11,2022-11-14,28.376446021057948
2022-10-14,2022-11-11,2022-11-14,28.216778034648964
2022-10-17,2022-11-16,2022-11-18,27.620127284754847
2022-10-18,2022-11-17,2022-11-18,27.54053865108449
2022-10-19,2022-11-18,2022-11-25,27.49873163914361
2022-10-20,2022-11-18,2022-11-21,27.106401599526343
2022-10-21,2022-11-18,2022-11-21,26.99656529120383
2022-10-24,2022-11-23,2022-11-25,27.101912301605275
2022-10-25,2022-11-23,2022-11-25,25.974529504219213
2022-10-26,2022-11-25,2022-11-30,25.17766882444667
2022-10-27,2022-11-25,2022-11-28,24.727601380247215
2022-10-28,2022-11-25,2022-11-28,23.89159350400726
2022-10-31,2022-11-30,2022-12-01,23.786088158909514
2022-11-01,2022-12-01,2022-12-02,23.82531230194161
2022-11-02,2022-12-02,2022-12-08,24.09027222867585
2022-11-03,2022-12-02,2022-12-08,23.694993250675566
2022-11-04,2022-12-02,2022-12-05,22.982193466457606
2022-11-07,2022-12-07,2022-12-08,22.774171748319787
2022-11-08,2022-12-08,2022-12-09,23.640427380720734
2022-11-09,2022-12-09,2022-12-15,24.073065662790118
2022-11-10,2022-12-09,2022-12-12,21.59500988963873
2022-11-11,2022-12-09,2022-12-12,20.01816861463119
2022-11-14,2022-12-14,2022-12-15,22.557232617960185
2022-11-15,2022-12-15,2022-12-16,22.674527608860306
2022-11-16,2022-12-16,2022-12-22,22.408411196785853
2022-11-17,2022-12-16,2022-12-19,22.065514061053904
2022-11-18,2022-12-16,2022-12-19,21.388521648516566
2022-11-21,2022-12-21,2022-12-22,20.900344922890245
2022-11-22,2022-12-22,2022-12-23,19.95610213757501
2022-11-23,2022-12-23,2022-12-30,19.272361601241307
2022-11-24,2022-12-23,2022-12-30,19.318409332846105
2022-11-25,2022-12-23,2022-12-27,19.03341783100211
2022-11-28,2022-12-28,2022-12-30,20.335061754938454
2022-11-29,2022-12-29,2022-12-30,20.279678418607904
2022-11-30,2022-12-30,2023-01-06,19.293637033453894
2022-12-01,2022-12-30,2023-01-06,18.82034791867107
2022-12-02,2022-12-30,2023-01-03,17.601144438751632
2022-12-05,2023-01-04,2023-01-06,18.887172124781422
2022-12-06,2023-01-05,2023-01-06,20.371941910186102
2022-12-07,2023-01-06,2023-01-09,21.07736317875918
2022-12-08,2023-01-06,2023-01-09,20.395707690767455
2022-12-09,2023-01-06,2023-01-09,20.572856662218
2022-12-12,2023-01-11,2023-01-13,22.0045644601834
2022-12-13,2023-01-12,2023-01-13,21.10544656678603
2022-12-14,2023-01-13,2023-01-20,19.83055298382172
2022-12-15,2023-01-13,2023-01-20,20.800499413941363
2022-12-19,2023-01-18,2023-01-20,20.694109643665808
2022-12-20,2023-01-19,2023-01-20,20.387242271325736
2022-12-21,2023-01-20,2023-01-23,18.99542795906189
2022-12-22,2023-01-20,2023-01-23,20.445677015838807
2022-12-23,2023-01-20,2023-01-23,19.515524739721513
2022-12-27,2023-01-26,2023-01-27,20.80964460671904
2022-12-28,2023-01-27,2023-01-30,21.096991433881136
2022-12-29,2023-01-27,2023-01-30,20.124841796278407
2022-12-30,2023-01-27,2023-01-30,19.861197089767536
2023-01-04,2023-02-03,2023-02-06,21.027691729727096
2023-01-05,2023-02-03,2023-02-06,21.286026440750785
2023-01-06,2023-02-03,2023-02-06,19.731154693314313
2023-01-09,2023-02-08,2023-02-10,20.459280694743807
2023-01-10,2023-02-09,2023-02-10,19.707888896835062
2023-01-11,2023-02-10,2023-02-13,19.993385423997392
2023-01-12,2023-02-10,2023-02-13,17.746361682901227
2023-01-13,2023-02-10,2023-02-13,16.824969618768822
2023-01-17,2023-02-16,2023-02-17,18.411071985321552
2023-01-18,2023-02-17,2023-02-24,18.95802012267601
2023-01-19,2023-02-17,2023-02-24,19.16387920890112
2023-01-20,2023-02-17,2023-02-24,18.44959006031594
2023-01-23,2023-02-22,2023-02-24,18.27091551106308
2023-01-24,2023-02-23,2023-02-24,18.042770409459862
2023-01-25,2023-02-24,2023-02-27,17.891639137000606
2023-01-26,2023-02-24,2023-02-27,17.411066775257126
2023-01-27,2023-02-24,2023-02-27,16.947421355596326
2023-01-30,2023-03-01,2023-03-03,18.503565190860822
2023-01-31,2023-03-02,2023-03-03,17.88856886653005
2023-02-01,2023-03-03,2023-03-06,16.98286587783621
2023-02-02,2023-03-03,2023-03-06,16.71002908858921
2023-02-03,2023-03-03,2023-03-06,16.864357591221236
2023-02-06,2023-03-08,2023-03-10,17.80672621274136
2023-02-07,2023-03-09,2023-03-10,17.109668264536683
2023-02-08,2023-03-10,2023-03-13,18.317945995276634
2023-02-09,2023-03-10,2023-03-13,19.156653161095942
2023-02-10,2023-03-10,2023-03-13,18.771470646439976
2023-02-13,2023-03-15,2023-03-17,19.239059855140038
2023-02-14,2023-03-16,2023-03-17,17.801460039368724
2023-02-15,2023-03-17,2023-03-20,17.09397778422374
2023-02-16,2023-03-17,2023-03-20,18.320115680775583
2023-02-17,2023-03-17,2023-03-20,17.902163850459743
2023-02-21,2023-03-23,2023-03-24,21.251334140468703
2023-02-22,2023-03-24,2023-03-31,20.636348405694584
2023-02-23,2023-03-24,2023-03-27,19.55232811134296
2023-02-24,2023-03-24,2023-03-27,19.930252093758934
2023-02-27,2023-03-29,2023-03-31,19.547168998653255
2023-02-28,2023-03-30,2023-03-31,19.085787796355852
2023-03-01,2023-03-31,2023-04-06,19.512209396102328
2023-03-02,2023-03-31,2023-04-03,18.74836285992925
2023-03-03,2023-03-31,2023-04-03,17.588062572750214
2023-03-06,2023-04-05,2023-04-06,17.819219363658124
2023-03-07,2023-04-06,2023-04-14,18.584557375359022
2023-03-08,2023-04-06,2023-04-14,18.089087743645244
2023-03-09,2023-04-06,2023-04-10,20.513156854312054
2023-03-10,2023-04-06,2023-04-10,21.563589611196388
2023-03-13,2023-04-12,2023-04-14,23.808948096157796
2023-03-14,2023-04-13,2023-04-14,21.296180499001462
2023-03-15,2023-04-14,2023-04-21,22.794914841015686
2023-03-16,2023-04-14,2023-04-17,20.500930122531873
2023-03-17,2023-04-14,2023-04-17,22.514348979959607
2023-03-20,2023-04-19,2023-04-21,21.450803652890396
2023-03-21,2023-04-20,2023-04-21,19.77069881772832
2023-03-22,2023-04-21,2023-04-28,20.236680191622273
2023-03-23,2023-04-21,2023-04-24,20.323544696848355
2023-03-24,2023-04-21,2023-04-24,19.762728046425593
2023-03-27,2023-04-26,2023-04-28,19.02628827929232
2023-03-28,2023-04-27,2023-04-28,18.5292307959877
2023-03-29,2023-04-28,2023-05-05,17.927282284021004
2023-03-30,2023-04-28,2023-05-01,17.496457692644345
2023-03-31,2023-04-28,2023-05-01,17.030753132931242
2023-04-03,2023-05-03,2023-05-05,17.064847859278764
2023-04-04,2023-05-04,2023-05-05,17.644640276735775
2023-04-05,2023-05-05,2023-05-08,17.81199756652696
2023-04-06,2023-05-05,2023-05-08,17.175922235884155
2023-04-10,2023-05-10,2023-05-12,17.707505793103145
2023-04-11,2023-05-11,2023-05-12,17.9579723529855
2023-04-12,2023-05-12,2023-05-19,17.72305465020278
2023-04-13,2023-05-12,2023-05-15,16.471623684104397
2023-04-14,2023-05-12,2023-05-15,15.663339737678813
2023-04-17,2023-05-17,2023-05-19,15.617013418594267
2023-04-18,2023-05-18,2023-05-19,15.485727708302118
2023-04-19,2023-05-19,2023-05-26,15.109444455000265
2023-04-20,2023-05-19,2023-05-22,15.722727224007944
2023-04-21,2023-05-19,2023-05-22,15.12224922275965
2023-04-24,2023-05-24,2023-05-26,15.42967083829326
2023-04-25,2023-05-25,2023-05-26,17.7748306956096
2023-04-26,2023-05-26,2023-05-31,17.412054272210757
2023-04-27,2023-05-26,2023-05-31,15.518703762959586
2023-04-28,2023-05-26,2023-05-30,14.295864441303605
2023-05-01,2023-05-31,2023-06-02,14.286174227163755
2023-05-02,2023-06-01,2023-06-02,15.910004434865039
2023-05-03,2023-06-02,2023-06-05,17.096818196543833
2023-05-04,2023-06-02,2023-06-05,18.093157963380555
2023-05-05,2023-06-02,2023-06-05,15.363721625115593
2023-05-08,2023-06-07,2023-06-09,15.483354265399093
2023-05-09,2023-06-08,2023-06-09,16.167309892593877
2023-05-10,2023-06-09,2023-06-12,15.413009498227042
2023-05-11,2023-06-09,2023-06-12,15.09583098647925
2023-05-12,2023-06-09,2023-06-12,14.804561823092307
2023-05-15,2023-06-14,2023-06-16,15.33285531126232
2023-05-16,2023-06-15,2023-06-16,16.545398093287275
2023-05-17,2023-06-16,2023-06-23,15.201762886382314
2023-05-18,2023-06-16,2023-06-23,14.593510878482242
2023-05-19,2023-06-16,2023-06-20,14.944018502424708
2023-05-22,2023-06-21,2023-06-23,15.377578843745225
2023-05-23,2023-06-22,2023-06-23,16.543027393308513
2023-05-24,2023-06-23,2023-06-26,17.76698202481587
2023-05-25,2023-06-23,2023-06-26,16.73940082278918
2023-05-26,2023-06-23,2023-06-26,15.564291274766179
2023-05-30,2023-06-29,2023-06-30,15.545712018104316
2023-05-31,2023-06-30,2023-07-03,15.477519115672553
2023-06-01,2023-06-30,2023-07-03,13.969392206067111
2023-06-02,2023-06-30,2023-07-03,13.023222694498346
2023-06-05,2023-07-05,2023-07-07,13.178298342469958
2023-06-06,2023-07-06,2023-07-07,12.523473220443668
2023-06-07,2023-07-07,2023-07-10,12.653338334696084
2023-06-08,2023-07-07,2023-07-10,12.129409325153267
2023-06-09,2023-07-07,2023-07-10,12.089613211069777
2023-06-12,2023-07-12,2023-07-14,13.129544214357637
2023-06-13,2023-07-13,2023-07-14,12.984889863139665
2023-06-14,2023-07-14,2023-07-17,12.526803730652292
2023-06-15,2023-07-14,2023-07-17,12.828861531656093
2023-06-16,2023-07-14,2023-07-17,12.201958978009769
2023-06-20,2023-07-20,2023-07-21,12.825791018457311
2023-06-21,2023-07-21,2023-07-25,12.256241228472838
2023-06-22,2023-07-21,2023-07-24,11.759439578983947
2023-06-23,2023-07-21,2023-07-24,12.00447333020756
2023-06-26,2023-07-26,2023-07-28,12.962620599907737
2023-06-27,2023-07-27,2023-07-28,12.69349912486238
2023-06-28,2023-07-28,2023-07-31,12.4681779132617
2023-06-29,2023-07-28,2023-07-31,12.272943257207539
2023-06-30,2023-07-28,2023-07-31,11.823991632348045
2023-07-03,2023-08-02,2023-08-03,12.255390558397137
2023-07-05,2023-08-04,2023-08-11,12.931072144163517
2023-07-06,2023-08-04,2023-08-07,13.723916075869477
2023-07-07,2023-08-04,2023-08-07,13.193178281457051
2023-07-10,2023-08-09,2023-08-11,13.562832715231322
2023-07-11,2023-08-10,2023-08-11,13.62090264602964
2023-07-12,2023-08-11,2023-08-18,12.35854882385361
2023-07-13,2023-08-11,2023-08-14,12.316976586876201
2023-07-14,2023-08-11,2023-08-14,12.019446363749628
2023-07-17,2023-08-16,2023-08-18,12.379414622141478
2023-07-18,2023-08-17,2023-08-18,12.424502633698998
2023-07-19,2023-08-18,2023-08-25,12.439772531946188
2023-07-20,2023-08-18,2023-08-21,12.561314445621042
2023-07-21,2023-08-18,2023-08-21,12.192403333611253
2023-07-24,2023-08-23,2023-08-25,12.506915162055781
2023-07-25,2023-08-24,2023-08-25,12.654340792278024
2023-07-26,2023-08-25,2023-08-31,12.118350813048169
2023-07-27,2023-08-25,2023-08-28,13.005062099605194
2023-07-28,2023-08-25,2023-08-28,12.015316165017513
2023-07-31,2023-08-30,2023-08-31,12.426524977171798
2023-08-01,2023-08-31,2023-09-01,12.58510617354901
2023-08-02,2023-09-01,2023-09-08,14.335660559369876
2023-08-03,2023-09-01,2023-09-08,14.62202079079098
2023-08-04,2023-09-01,2023-09-05,14.933399717292566
2023-08-07,2023-09-06,2023-09-08,13.950729694864819
2023-08-08,2023-09-07,2023-09-08,14.46080492804053
2023-08-09,2023-09-08,2023-09-11,14.700214666589837
2023-08-10,2023-09-08,2023-09-11,14.369712591748094
2023-08-11,2023-09-08,2023-09-11,13.66247350923546
2023-08-14,2023-09-13,2023-09-15,13.730490621727274
2023-08-15,2023-09-14,2023-09-15,15.072077933063571
2023-08-16,2023-09-15,2023-09-18,15.363576492369955
2023-08-17,2023-09-15,2023-09-18,16.101356086038724
2023-08-18,2023-09-15,2023-09-18,15.540252831842341
2023-08-21,2023-09-20,2023-09-22,15.577656177739946
2023-08-22,2023-09-21,2023-09-22,15.774797322203742
2023-08-23,2023-09-22,2023-09-25,14.789590986657258
2023-08-24,2023-09-22,2023-09-25,15.644931072240107
2023-08-25,2023-09-22,2023-09-25,14.296526537224906
2023-08-28,2023-09-27,2023-09-29,14.196714443664915
2023-08-29,2023-09-28,2023-09-29,13.484254145752143
2023-08-30,2023-09-29,2023-10-02,12.827245352806681
2023-08-31,2023-09-29,2023-10-02,12.41173170896738
2023-09-01,2023-09-29,2023-10-02,11.880791295646596
2023-09-05,2023-10-05,2023-10-06,12.989886991745866
2023-09-06,2023-10-06,2023-10-12,13.354754970189461
2023-09-07,2023-10-06,2023-10-09,13.355516986601184
2023-09-08,2023-10-06,2023-10-09,12.737596016230862
2023-09-11,2023-10-11,2023-10-12,12.762219352766833
2023-09-12,2023-10-12,2023-10-13,13.244074904670233
2023-09-13,2023-10-13,2023-10-16,12.596068072881431
2023-09-14,2023-10-13,2023-10-16,11.695711629909326
2023-09-15,2023-10-13,2023-10-16,12.539454947882856
2023-09-18,2023-10-18,2023-10-19,12.897380743999006
2023-09-19,2023-10-19,2023-10-20,13.15262246579286
2023-09-20,2023-10-20,2023-10-23,13.776551326691491
2023-09-21,2023-10-20,2023-10-23,15.616842699550057
2023-09-22,2023-10-20,2023-10-23,15.444211067673466
2023-09-25,2023-10-25,2023-10-26,15.332971539285174
2023-09-26,2023-10-26,2023-10-27,17.333169570753537
2023-09-27,2023-10-27,2023-10-30,16.734469213145577
2023-09-28,2023-10-27,2023-10-30,15.832902224386158
2023-09-29,2023-10-27,2023-10-30,15.84484590630292
2023-10-02,2023-11-01,2023-11-02,16.326708060882922
2023-10-03,2023-11-02,2023-11-03,18.105277640109602
2023-10-04,2023-11-03,2023-11-06,17.0231725678343
2023-10-05,2023-11-03,2023-11-06,16.840845288026014
2023-10-06,2023-11-03,2023-11-06,16.09637189732249
2023-10-09,2023-11-08,2023-11-09,16.1876978951068
2023-10-10,2023-11-09,2023-11-10,15.604330491496746
2023-10-11,2023-11-10,2023-11-13,14.989075606540304
2023-10-12,2023-11-10,2023-11-13,15.162046210965297
2023-10-13,2023-11-10,2023-11-13,16.817908108800555
2023-10-16,2023-11-15,2023-11-16,15.634353764135286
2023-10-17,2023-11-16,2023-11-17,16.084566846431432
2023-10-18,2023-11-17,2023-11-20,17.436278756720494
2023-10-19,2023-11-17,2023-11-20,18.307021288666167
2023-10-20,2023-11-17,2023-11-20,18.644820104987208
2023-10-23,2023-11-22,2023-11-24,18.746424166130264
2023-10-24,2023-11-22,2023-11-24,17.368756043613267
2023-10-25,2023-11-24,2023-11-27,18.47866597027668
2023-10-26,2023-11-24,2023-11-27,18.894739784482717
2023-10-27,2023-11-24,2023-11-27,18.834273793499015
2023-10-30,2023-11-29,2023-11-30,18.0388912464484
2023-10-31,2023-11-30,2023-12-01,16.649149542712518
2023-11-01,2023-12-01,2023-12-04,15.656766743123802
2023-11-02,2023-12-01,2023-12-04,14.439616761069907
2023-11-03,2023-12-01,2023-12-04,13.642223766596844
2023-11-06,2023-12-06,2023-12-07,13.553612188665664
2023-11-07,2023-12-07,2023-12-08,13.567030636966788
2023-11-08,2023-12-08,2023-12-11,13.303021018361767
2023-11-09,2023-12-08,2023-12-11,13.962144586688602
2023-11-10,2023-12-08,2023-12-11,12.809282209872496
2023-11-13,2023-12-13,2023-12-14,13.702695524861467
2023-11-14,2023-12-14,2023-12-15,13.157081190882286
2023-11-15,2023-12-15,2023-12-18,12.779165951957264
2023-11-16,2023-12-15,2023-12-18,12.509329300526751
2023-11-17,2023-12-15,2023-12-18,12.283539371977215
2023-11-20,2023-12-20,2023-12-21,12.204752841890533
2023-11-21,2023-12-21,2023-12-22,12.240455386017775
2023-11-22,2023-12-22,2023-12-26,11.875364616776645
2023-11-24,2023-12-22,2023-12-26,11.292487589345088
2023-11-27,2023-12-27,2023-12-28,11.49422878347927
2023-11-28,2023-12-28,2023-12-29,11.573374707052313
2023-11-29,2023-12-29,2024-01-02,12.002622715933635
2023-11-30,2023-12-29,2024-01-02,11.771916662518136
2023-12-01,2023-12-29,2024-01-02,11.57583292650355
2023-12-04,2024-01-03,2024-01-04,11.851056906484954
2023-12-05,2024-01-04,2024-01-05,11.867302382927832
2023-12-06,2024-01-05,2024-01-08,12.254423980628083
2023-12-07,2024-01-05,2024-01-08,12.135881032248493
2023-12-08,2024-01-05,2024-01-08,11.422680797872774
2023-12-11,2024-01-10,2024-01-11,11.615485369265757
2023-12-12,2024-01-11,2024-01-12,11.162941675375684
2023-12-13,2024-01-12,2024-01-16,11.09288849290311
2023-12-14,2024-01-12,2024-01-16,11.07550685646559
2023-12-15,2024-01-12,2024-01-16,11.085461227030864
2023-12-18,2024-01-17,2024-01-18,11.403154705840503
2023-12-19,2024-01-18,2024-01-19,11.657538937786365
2023-12-20,2024-01-19,2024-01-22,12.615638528300163
2023-12-21,2024-01-19,2024-01-22,12.35835232725617
2023-12-22,2024-01-19,2024-01-22,11.924376832664803
2023-12-26,2024-01-25,2024-01-26,12.090777119078728
2023-12-27,2024-01-26,2024-01-29,11.4823861579731
2023-12-28,2024-01-26,2024-01-29,11.419249097111397
2023-12-29,2024-01-26,2024-01-29,11.244154513839902
